filename,speaker,label,frame_0_f0,frame_1_f0,frame_2_f0,frame_3_f0,frame_4_f0,frame_5_f0,frame_6_f0,frame_7_f0,frame_8_f0,frame_9_f0,frame_10_f0,frame_11_f0,frame_12_f0,frame_13_f0,frame_14_f0,frame_15_f0,frame_16_f0,frame_17_f0,frame_18_f0,frame_19_f0,frame_20_f0,frame_21_f0,frame_22_f0,frame_23_f0,frame_24_f0,frame_25_f0,frame_26_f0,frame_27_f0,frame_28_f0,frame_29_f0,frame_30_f0,frame_31_f0,frame_32_f0,frame_33_f0,frame_34_f0,frame_35_f0,frame_36_f0,frame_37_f0,frame_38_f0,frame_39_f0,frame_40_f0,frame_41_f0,frame_42_f0,frame_43_f0,frame_44_f0,frame_45_f0,frame_46_f0,frame_47_f0,frame_48_f0,frame_49_f0,frame_50_f0,frame_51_f0,frame_52_f0,frame_53_f0,frame_54_f0,frame_55_f0,frame_56_f0,frame_57_f0,frame_58_f0,frame_59_f0,frame_60_f0,frame_61_f0,frame_62_f0,frame_63_f0,frame_64_f0,frame_65_f0,frame_66_f0,frame_67_f0,frame_68_f0,frame_69_f0,frame_70_f0,frame_71_f0,frame_72_f0,frame_73_f0,frame_74_f0,frame_75_f0,frame_76_f0,frame_77_f0,frame_78_f0,frame_79_f0,frame_80_f0,frame_81_f0,frame_82_f0,frame_83_f0,frame_84_f0,frame_85_f0,frame_86_f0,frame_87_f0,frame_88_f0,frame_89_f0,frame_90_f0,frame_91_f0,frame_92_f0,frame_93_f0,frame_94_f0,frame_95_f0,frame_96_f0,frame_97_f0,frame_98_f0,frame_99_f0,frame_100_f0,frame_101_f0,frame_102_f0,frame_103_f0,frame_104_f0,frame_105_f0,frame_106_f0,frame_107_f0,frame_108_f0,frame_109_f0,frame_110_f0,frame_111_f0,frame_112_f0,frame_113_f0,frame_114_f0,frame_115_f0,frame_116_f0,frame_117_f0,frame_118_f0,frame_119_f0,frame_120_f0,frame_121_f0,frame_122_f0,frame_123_f0,frame_124_f0,frame_125_f0,frame_126_f0,frame_127_f0,frame_128_f0,frame_129_f0,frame_130_f0,frame_131_f0,frame_132_f0,frame_133_f0,frame_134_f0,frame_135_f0,frame_136_f0,frame_137_f0,frame_138_f0,frame_139_f0,frame_140_f0,frame_141_f0,frame_142_f0,frame_143_f0,frame_144_f0
b103,b,n,0.0,153.846161,150.94339,79.60199,74.418602,115.942032,0.0,97.560974,93.023254,99.378883,96.385544,94.117645,0.0,,,,,,,,,,,,,,,,,,,,,,,,,,,,,,,,,,,,,,,,,,,,,,,,,,,,,,,,,,,,,,,,,,,,,,,,,,,,,,,,,,,,,,,,,,,,,,,,,,,,,,,,,,,,,,,,,,,,,,,,,,,,,,,,,,,,
b107,b,n,0.0,47.619049,0.0,0.0,0.0,0.0,0.0,115.942032,66.1157,44.077133,40.816326,43.126686,77.294685,0.0,,,,,,,,,,,,,,,,,,,,,,,,,,,,,,,,,,,,,,,,,,,,,,,,,,,,,,,,,,,,,,,,,,,,,,,,,,,,,,,,,,,,,,,,,,,,,,,,,,,,,,,,,,,,,,,,,,,,,,,,,,,,,,,,,,,
b108_I,b,i,0.0,116.788322,41.558441,0.0,142.857147,144.14415,139.130432,125.984253,74.766357,118.518517,112.676056,0.0,109.589043,0.0,0.0,,,,,,,,,,,,,,,,,,,,,,,,,,,,,,,,,,,,,,,,,,,,,,,,,,,,,,,,,,,,,,,,,,,,,,,,,,,,,,,,,,,,,,,,,,,,,,,,,,,,,,,,,,,,,,,,,,,,,,,,,,,,,,,,,,
b10_I,b,i,94.674553,100.0,0.0,97.560974,111.888115,100.0,57.971016,60.150375,84.210526,0.0,54.054054,45.977013,40.920715,52.805279,43.243244,0.0,0.0,0.0,,,,,,,,,,,,,,,,,,,,,,,,,,,,,,,,,,,,,,,,,,,,,,,,,,,,,,,,,,,,,,,,,,,,,,,,,,,,,,,,,,,,,,,,,,,,,,,,,,,,,,,,,,,,,,,,,,,,,,,,,,,,,,,
b111,b,n,0.0,125.0,99.378883,0.0,0.0,68.085106,0.0,0.0,111.111115,0.0,0.0,0.0,40.506329,41.450779,0.0,,,,,,,,,,,,,,,,,,,,,,,,,,,,,,,,,,,,,,,,,,,,,,,,,,,,,,,,,,,,,,,,,,,,,,,,,,,,,,,,,,,,,,,,,,,,,,,,,,,,,,,,,,,,,,,,,,,,,,,,,,,,,,,,,,
b114_I,b,i,128.0,0.0,148.148148,0.0,113.475174,93.567253,0.0,0.0,0.0,108.108109,93.567253,95.80838,86.021507,78.817734,70.484581,64.516129,,,,,,,,,,,,,,,,,,,,,,,,,,,,,,,,,,,,,,,,,,,,,,,,,,,,,,,,,,,,,,,,,,,,,,,,,,,,,,,,,,,,,,,,,,,,,,,,,,,,,,,,,,,,,,,,,,,,,,,,,,,,,,,,,
b115_I,b,i,0.0,134.453781,99.378883,0.0,0.0,66.390045,68.669525,121.21212,118.518517,118.518517,113.475174,95.80838,125.0,0.0,0.0,,,,,,,,,,,,,,,,,,,,,,,,,,,,,,,,,,,,,,,,,,,,,,,,,,,,,,,,,,,,,,,,,,,,,,,,,,,,,,,,,,,,,,,,,,,,,,,,,,,,,,,,,,,,,,,,,,,,,,,,,,,,,,,,,,
b117_I,b,i,128.0,131.147537,146.788986,145.454544,145.454544,0.0,163.265305,0.0,153.846161,0.0,181.818176,136.752136,125.0,126.984123,149.532715,0.0,0.0,0.0,,,,,,,,,,,,,,,,,,,,,,,,,,,,,,,,,,,,,,,,,,,,,,,,,,,,,,,,,,,,,,,,,,,,,,,,,,,,,,,,,,,,,,,,,,,,,,,,,,,,,,,,,,,,,,,,,,,,,,,,,,,,,,,
b118_I,b,i,0.0,90.909088,94.117645,0.0,0.0,104.575165,116.788322,95.238098,97.560974,43.596729,84.210526,77.669907,49.079754,,,,,,,,,,,,,,,,,,,,,,,,,,,,,,,,,,,,,,,,,,,,,,,,,,,,,,,,,,,,,,,,,,,,,,,,,,,,,,,,,,,,,,,,,,,,,,,,,,,,,,,,,,,,,,,,,,,,,,,,,,,,,,,,,,,,
b11_I,b,i,0.0,0.0,112.676056,133.333328,115.942032,0.0,100.0,100.0,98.159508,0.0,45.845272,42.895443,40.506329,80.0,78.431374,78.048782,50.473186,0.0,0.0,,,,,,,,,,,,,,,,,,,,,,,,,,,,,,,,,,,,,,,,,,,,,,,,,,,,,,,,,,,,,,,,,,,,,,,,,,,,,,,,,,,,,,,,,,,,,,,,,,,,,,,,,,,,,,,,,,,,,,,,,,,,,,
b127,b,n,0.0,136.752136,60.836502,41.450779,161.616165,137.93103,175.824173,158.415848,134.453781,139.130432,130.081299,57.347672,64.257027,,,,,,,,,,,,,,,,,,,,,,,,,,,,,,,,,,,,,,,,,,,,,,,,,,,,,,,,,,,,,,,,,,,,,,,,,,,,,,,,,,,,,,,,,,,,,,,,,,,,,,,,,,,,,,,,,,,,,,,,,,,,,,,,,,,,
b13,b,n,49.079754,115.10791,56.338028,60.150375,0.0,95.238098,86.021507,77.294685,0.0,68.965515,64.777328,67.510551,0.0,,,,,,,,,,,,,,,,,,,,,,,,,,,,,,,,,,,,,,,,,,,,,,,,,,,,,,,,,,,,,,,,,,,,,,,,,,,,,,,,,,,,,,,,,,,,,,,,,,,,,,,,,,,,,,,,,,,,,,,,,,,,,,,,,,,,
b27_I,b,i,0.0,179.775284,0.0,0.0,0.0,50.955414,51.11821,42.216358,48.192772,131.147537,125.984253,0.0,86.95652,76.190475,,,,,,,,,,,,,,,,,,,,,,,,,,,,,,,,,,,,,,,,,,,,,,,,,,,,,,,,,,,,,,,,,,,,,,,,,,,,,,,,,,,,,,,,,,,,,,,,,,,,,,,,,,,,,,,,,,,,,,,,,,,,,,,,,,,
b29,b,n,0.0,104.575165,94.674553,47.90419,83.76963,0.0,79.207924,74.766357,46.242775,0.0,50.793652,0.0,0.0,,,,,,,,,,,,,,,,,,,,,,,,,,,,,,,,,,,,,,,,,,,,,,,,,,,,,,,,,,,,,,,,,,,,,,,,,,,,,,,,,,,,,,,,,,,,,,,,,,,,,,,,,,,,,,,,,,,,,,,,,,,,,,,,,,,,
b33_I,b,i,92.48555,124.031006,125.0,140.350876,136.752136,123.07692,130.081299,130.081299,0.0,54.421768,104.575165,113.475174,100.0,78.817734,78.431374,0.0,0.0,,,,,,,,,,,,,,,,,,,,,,,,,,,,,,,,,,,,,,,,,,,,,,,,,,,,,,,,,,,,,,,,,,,,,,,,,,,,,,,,,,,,,,,,,,,,,,,,,,,,,,,,,,,,,,,,,,,,,,,,,,,,,,,,
b35_I,b,i,0.0,0.0,0.0,0.0,121.21212,161.616165,144.14415,148.148148,0.0,146.788986,102.564102,40.816326,40.201004,,,,,,,,,,,,,,,,,,,,,,,,,,,,,,,,,,,,,,,,,,,,,,,,,,,,,,,,,,,,,,,,,,,,,,,,,,,,,,,,,,,,,,,,,,,,,,,,,,,,,,,,,,,,,,,,,,,,,,,,,,,,,,,,,,,,
b36,b,n,0.0,40.712467,41.558441,41.775455,43.243244,40.712467,48.484848,45.845272,130.081299,79.207924,0.0,78.048782,47.337276,73.059364,0.0,,,,,,,,,,,,,,,,,,,,,,,,,,,,,,,,,,,,,,,,,,,,,,,,,,,,,,,,,,,,,,,,,,,,,,,,,,,,,,,,,,,,,,,,,,,,,,,,,,,,,,,,,,,,,,,,,,,,,,,,,,,,,,,,,,
b37,b,n,0.0,52.287582,160.0,155.339813,145.454544,132.2314,130.081299,142.857147,0.0,120.300751,115.10791,96.385544,96.969696,0.0,0.0,,,,,,,,,,,,,,,,,,,,,,,,,,,,,,,,,,,,,,,,,,,,,,,,,,,,,,,,,,,,,,,,,,,,,,,,,,,,,,,,,,,,,,,,,,,,,,,,,,,,,,,,,,,,,,,,,,,,,,,,,,,,,,,,,,
b39,b,n,0.0,88.397789,0.0,0.0,0.0,0.0,63.241108,108.108109,105.263161,90.909088,90.909088,89.887642,93.023254,,,,,,,,,,,,,,,,,,,,,,,,,,,,,,,,,,,,,,,,,,,,,,,,,,,,,,,,,,,,,,,,,,,,,,,,,,,,,,,,,,,,,,,,,,,,,,,,,,,,,,,,,,,,,,,,,,,,,,,,,,,,,,,,,,,,
b40,b,n,0.0,113.475174,146.788986,51.779934,64.257027,40.201004,51.446945,88.888885,102.564102,125.0,0.0,0.0,65.84362,,,,,,,,,,,,,,,,,,,,,,,,,,,,,,,,,,,,,,,,,,,,,,,,,,,,,,,,,,,,,,,,,,,,,,,,,,,,,,,,,,,,,,,,,,,,,,,,,,,,,,,,,,,,,,,,,,,,,,,,,,,,,,,,,,,,
b49,b,n,0.0,60.60606,42.666668,40.302265,0.0,135.593216,62.992126,51.446945,42.105263,42.328041,52.117264,41.450779,45.325779,50.632912,44.943821,62.745098,,,,,,,,,,,,,,,,,,,,,,,,,,,,,,,,,,,,,,,,,,,,,,,,,,,,,,,,,,,,,,,,,,,,,,,,,,,,,,,,,,,,,,,,,,,,,,,,,,,,,,,,,,,,,,,,,,,,,,,,,,,,,,,,,
b5,b,n,0.0,45.584045,42.328041,0.0,100.0,64.516129,0.0,40.302265,73.394493,0.0,0.0,72.727272,0.0,66.94561,0.0,64.257027,64.257027,0.0,,,,,,,,,,,,,,,,,,,,,,,,,,,,,,,,,,,,,,,,,,,,,,,,,,,,,,,,,,,,,,,,,,,,,,,,,,,,,,,,,,,,,,,,,,,,,,,,,,,,,,,,,,,,,,,,,,,,,,,,,,,,,,,
b50,b,n,0.0,117.647057,111.111115,102.564102,100.0,0.0,0.0,0.0,41.558441,41.450779,0.0,0.0,0.0,,,,,,,,,,,,,,,,,,,,,,,,,,,,,,,,,,,,,,,,,,,,,,,,,,,,,,,,,,,,,,,,,,,,,,,,,,,,,,,,,,,,,,,,,,,,,,,,,,,,,,,,,,,,,,,,,,,,,,,,,,,,,,,,,,,,
b52,b,n,0.0,99.378883,87.431694,105.263161,110.344826,0.0,111.888115,104.575165,94.117645,86.021507,80.0,0.0,79.207924,158.415848,190.476196,0.0,,,,,,,,,,,,,,,,,,,,,,,,,,,,,,,,,,,,,,,,,,,,,,,,,,,,,,,,,,,,,,,,,,,,,,,,,,,,,,,,,,,,,,,,,,,,,,,,,,,,,,,,,,,,,,,,,,,,,,,,,,,,,,,,,
b61_I,b,i,0.0,0.0,67.510551,0.0,125.0,109.589043,106.666664,0.0,101.910828,94.117645,62.256809,94.674553,90.909088,87.912086,86.486488,87.431694,95.238098,,,,,,,,,,,,,,,,,,,,,,,,,,,,,,,,,,,,,,,,,,,,,,,,,,,,,,,,,,,,,,,,,,,,,,,,,,,,,,,,,,,,,,,,,,,,,,,,,,,,,,,,,,,,,,,,,,,,,,,,,,,,,,,,
b65,b,n,0.0,102.564102,101.910828,101.910828,94.674553,95.80838,0.0,91.428574,85.561501,83.333336,42.105263,40.609138,56.338028,78.048782,0.0,,,,,,,,,,,,,,,,,,,,,,,,,,,,,,,,,,,,,,,,,,,,,,,,,,,,,,,,,,,,,,,,,,,,,,,,,,,,,,,,,,,,,,,,,,,,,,,,,,,,,,,,,,,,,,,,,,,,,,,,,,,,,,,,,,
b68_I,b,i,0.0,109.589043,140.350876,152.380951,124.031006,116.788322,111.111115,108.108109,111.888115,86.021507,110.344826,126.984123,,,,,,,,,,,,,,,,,,,,,,,,,,,,,,,,,,,,,,,,,,,,,,,,,,,,,,,,,,,,,,,,,,,,,,,,,,,,,,,,,,,,,,,,,,,,,,,,,,,,,,,,,,,,,,,,,,,,,,,,,,,,,,,,,,,,,
b73_I,b,i,0.0,41.025642,0.0,118.518517,0.0,125.984253,67.796608,93.567253,94.117645,47.90419,42.328041,85.561501,81.218277,86.021507,108.108109,0.0,,,,,,,,,,,,,,,,,,,,,,,,,,,,,,,,,,,,,,,,,,,,,,,,,,,,,,,,,,,,,,,,,,,,,,,,,,,,,,,,,,,,,,,,,,,,,,,,,,,,,,,,,,,,,,,,,,,,,,,,,,,,,,,,,
b88_I,b,i,0.0,98.765434,86.486488,56.737587,62.5,94.674553,94.117645,63.241108,0.0,88.397789,0.0,45.197739,111.888115,0.0,142.857147,49.844238,,,,,,,,,,,,,,,,,,,,,,,,,,,,,,,,,,,,,,,,,,,,,,,,,,,,,,,,,,,,,,,,,,,,,,,,,,,,,,,,,,,,,,,,,,,,,,,,,,,,,,,,,,,,,,,,,,,,,,,,,,,,,,,,,
b90_I,b,i,0.0,0.0,112.676056,119.402985,120.300751,0.0,111.111115,98.159508,115.942032,69.264069,0.0,46.376812,45.714287,,,,,,,,,,,,,,,,,,,,,,,,,,,,,,,,,,,,,,,,,,,,,,,,,,,,,,,,,,,,,,,,,,,,,,,,,,,,,,,,,,,,,,,,,,,,,,,,,,,,,,,,,,,,,,,,,,,,,,,,,,,,,,,,,,,,
g10,g,n,0.0,242.42424,0.0,228.571426,202.531647,0.0,186.046509,0.0,192.771088,197.530869,181.818176,173.91304,0.0,181.818176,0.0,168.421051,0.0,0.0,,,,,,,,,,,,,,,,,,,,,,,,,,,,,,,,,,,,,,,,,,,,,,,,,,,,,,,,,,,,,,,,,,,,,,,,,,,,,,,,,,,,,,,,,,,,,,,,,,,,,,,,,,,,,,,,,,,,,,,,,,,,,,,
g13_I,g,i,0.0,0.0,271.186432,114.285713,202.531647,326.530609,444.444458,266.666656,280.701752,250.0,0.0,390.243896,262.295074,83.333336,313.725494,432.432434,222.222229,190.476196,177.777771,0.0,163.265305,,,,,,,,,,,,,,,,,,,,,,,,,,,,,,,,,,,,,,,,,,,,,,,,,,,,,,,,,,,,,,,,,,,,,,,,,,,,,,,,,,,,,,,,,,,,,,,,,,,,,,,,,,,,,,,,,,,,,,,,,,,,
g17_I,g,i,0.0,266.666656,432.432434,0.0,363.636353,432.432434,296.296295,0.0,0.0,444.444458,444.444458,410.256409,0.0,0.0,347.82608,0.0,355.555542,333.333344,0.0,137.93103,177.777771,202.531647,,,,,,,,,,,,,,,,,,,,,,,,,,,,,,,,,,,,,,,,,,,,,,,,,,,,,,,,,,,,,,,,,,,,,,,,,,,,,,,,,,,,,,,,,,,,,,,,,,,,,,,,,,,,,,,,,,,,,,,,,,,
g18_I,g,i,0.0,202.531647,271.186432,200.0,235.294113,0.0,250.0,0.0,225.352112,280.701752,0.0,,,,,,,,,,,,,,,,,,,,,,,,,,,,,,,,,,,,,,,,,,,,,,,,,,,,,,,,,,,,,,,,,,,,,,,,,,,,,,,,,,,,,,,,,,,,,,,,,,,,,,,,,,,,,,,,,,,,,,,,,,,,,,,,,,,,,,
g21_I,g,i,0.0,207.792206,0.0,290.909088,290.909088,0.0,250.0,0.0,363.636353,202.531647,,,,,,,,,,,,,,,,,,,,,,,,,,,,,,,,,,,,,,,,,,,,,,,,,,,,,,,,,,,,,,,,,,,,,,,,,,,,,,,,,,,,,,,,,,,,,,,,,,,,,,,,,,,,,,,,,,,,,,,,,,,,,,,,,,,,,,,
g22,g,n,0.0,213.333328,195.121948,213.333328,262.295074,290.909088,0.0,320.0,290.909088,200.0,100.0,,,,,,,,,,,,,,,,,,,,,,,,,,,,,,,,,,,,,,,,,,,,,,,,,,,,,,,,,,,,,,,,,,,,,,,,,,,,,,,,,,,,,,,,,,,,,,,,,,,,,,,,,,,,,,,,,,,,,,,,,,,,,,,,,,,,,,
g24_I,g,i,313.725494,0.0,0.0,347.82608,290.909088,266.666656,231.884064,0.0,228.571426,213.333328,0.0,207.792206,200.0,200.0,0.0,195.121948,225.352112,0.0,219.178085,173.91304,0.0,0.0,0.0,,,,,,,,,,,,,,,,,,,,,,,,,,,,,,,,,,,,,,,,,,,,,,,,,,,,,,,,,,,,,,,,,,,,,,,,,,,,,,,,,,,,,,,,,,,,,,,,,,,,,,,,,,,,,,,,,,,,,,,,,,
g26_I,g,i,0.0,0.0,0.0,285.714294,0.0,400.0,280.701752,0.0,202.531647,202.531647,192.771088,216.216217,173.91304,0.0,202.531647,86.021507,0.0,0.0,,,,,,,,,,,,,,,,,,,,,,,,,,,,,,,,,,,,,,,,,,,,,,,,,,,,,,,,,,,,,,,,,,,,,,,,,,,,,,,,,,,,,,,,,,,,,,,,,,,,,,,,,,,,,,,,,,,,,,,,,,,,,,,
g27_I,g,i,0.0,372.093018,290.909088,228.571426,219.178085,0.0,0.0,205.128204,186.046509,0.0,0.0,0.0,372.093018,0.0,0.0,222.222229,0.0,216.216217,188.235291,186.046509,172.043015,181.818176,,,,,,,,,,,,,,,,,,,,,,,,,,,,,,,,,,,,,,,,,,,,,,,,,,,,,,,,,,,,,,,,,,,,,,,,,,,,,,,,,,,,,,,,,,,,,,,,,,,,,,,,,,,,,,,,,,,,,,,,,,,
g28_I,g,i,0.0,313.725494,250.0,290.909088,0.0,0.0,238.805969,231.884064,0.0,219.178085,186.046509,168.421051,161.616165,173.91304,0.0,,,,,,,,,,,,,,,,,,,,,,,,,,,,,,,,,,,,,,,,,,,,,,,,,,,,,,,,,,,,,,,,,,,,,,,,,,,,,,,,,,,,,,,,,,,,,,,,,,,,,,,,,,,,,,,,,,,,,,,,,,,,,,,,,,
g29,g,n,0.0,0.0,275.862061,228.571426,0.0,195.121948,183.908051,0.0,177.777771,186.046509,155.339813,0.0,,,,,,,,,,,,,,,,,,,,,,,,,,,,,,,,,,,,,,,,,,,,,,,,,,,,,,,,,,,,,,,,,,,,,,,,,,,,,,,,,,,,,,,,,,,,,,,,,,,,,,,,,,,,,,,,,,,,,,,,,,,,,,,,,,,,,
g3,g,n,0.0,0.0,285.714294,219.178085,222.222229,172.043015,0.0,205.128204,228.571426,175.824173,0.0,166.666672,190.476196,0.0,146.788986,158.415848,179.775284,125.984253,160.0,0.0,0.0,,,,,,,,,,,,,,,,,,,,,,,,,,,,,,,,,,,,,,,,,,,,,,,,,,,,,,,,,,,,,,,,,,,,,,,,,,,,,,,,,,,,,,,,,,,,,,,,,,,,,,,,,,,,,,,,,,,,,,,,,,,,
g43,g,n,0.0,216.216217,0.0,0.0,242.42424,0.0,219.178085,301.88678,0.0,197.530869,0.0,225.352112,253.968246,,,,,,,,,,,,,,,,,,,,,,,,,,,,,,,,,,,,,,,,,,,,,,,,,,,,,,,,,,,,,,,,,,,,,,,,,,,,,,,,,,,,,,,,,,,,,,,,,,,,,,,,,,,,,,,,,,,,,,,,,,,,,,,,,,,,
g44,g,n,0.0,0.0,192.771088,235.294113,266.666656,250.0,0.0,0.0,202.531647,197.530869,0.0,195.121948,0.0,0.0,0.0,,,,,,,,,,,,,,,,,,,,,,,,,,,,,,,,,,,,,,,,,,,,,,,,,,,,,,,,,,,,,,,,,,,,,,,,,,,,,,,,,,,,,,,,,,,,,,,,,,,,,,,,,,,,,,,,,,,,,,,,,,,,,,,,,,
g49,g,n,0.0,100.628929,225.352112,0.0,242.42424,207.792206,158.415848,219.178085,250.0,197.530869,213.333328,0.0,195.121948,186.046509,168.421051,0.0,172.043015,0.0,100.628929,,,,,,,,,,,,,,,,,,,,,,,,,,,,,,,,,,,,,,,,,,,,,,,,,,,,,,,,,,,,,,,,,,,,,,,,,,,,,,,,,,,,,,,,,,,,,,,,,,,,,,,,,,,,,,,,,,,,,,,,,,,,,,
g50,g,n,0.0,183.908051,355.555542,179.775284,153.846161,155.339813,152.380951,175.824173,156.862747,144.14415,0.0,89.385475,146.788986,271.186432,,,,,,,,,,,,,,,,,,,,,,,,,,,,,,,,,,,,,,,,,,,,,,,,,,,,,,,,,,,,,,,,,,,,,,,,,,,,,,,,,,,,,,,,,,,,,,,,,,,,,,,,,,,,,,,,,,,,,,,,,,,,,,,,,,,
g56,g,n,0.0,0.0,163.265305,0.0,0.0,0.0,0.0,0.0,0.0,0.0,0.0,188.235291,0.0,0.0,,,,,,,,,,,,,,,,,,,,,,,,,,,,,,,,,,,,,,,,,,,,,,,,,,,,,,,,,,,,,,,,,,,,,,,,,,,,,,,,,,,,,,,,,,,,,,,,,,,,,,,,,,,,,,,,,,,,,,,,,,,,,,,,,,,
g58_I,g,i,0.0,225.352112,242.42424,0.0,250.0,266.666656,290.909088,0.0,347.82608,355.555542,296.296295,250.0,253.968246,228.571426,0.0,0.0,246.153839,188.235291,172.043015,163.265305,0.0,,,,,,,,,,,,,,,,,,,,,,,,,,,,,,,,,,,,,,,,,,,,,,,,,,,,,,,,,,,,,,,,,,,,,,,,,,,,,,,,,,,,,,,,,,,,,,,,,,,,,,,,,,,,,,,,,,,,,,,,,,,,
g5_I,g,i,0.0,163.265305,145.454544,0.0,222.222229,0.0,0.0,173.91304,156.862747,161.616165,,,,,,,,,,,,,,,,,,,,,,,,,,,,,,,,,,,,,,,,,,,,,,,,,,,,,,,,,,,,,,,,,,,,,,,,,,,,,,,,,,,,,,,,,,,,,,,,,,,,,,,,,,,,,,,,,,,,,,,,,,,,,,,,,,,,,,,
g64_I,g,i,0.0,0.0,296.296295,253.968246,246.153839,253.968246,222.222229,285.714294,0.0,177.777771,0.0,200.0,,,,,,,,,,,,,,,,,,,,,,,,,,,,,,,,,,,,,,,,,,,,,,,,,,,,,,,,,,,,,,,,,,,,,,,,,,,,,,,,,,,,,,,,,,,,,,,,,,,,,,,,,,,,,,,,,,,,,,,,,,,,,,,,,,,,,
g65,g,n,0.0,235.294113,0.0,390.243896,238.805969,202.531647,195.121948,190.476196,58.608059,188.235291,181.818176,183.908051,175.824173,0.0,197.530869,177.777771,160.0,161.616165,,,,,,,,,,,,,,,,,,,,,,,,,,,,,,,,,,,,,,,,,,,,,,,,,,,,,,,,,,,,,,,,,,,,,,,,,,,,,,,,,,,,,,,,,,,,,,,,,,,,,,,,,,,,,,,,,,,,,,,,,,,,,,,
g65B,g,n,0.0,195.121948,188.235291,0.0,219.178085,197.530869,160.0,0.0,0.0,0.0,168.421051,121.21212,0.0,,,,,,,,,,,,,,,,,,,,,,,,,,,,,,,,,,,,,,,,,,,,,,,,,,,,,,,,,,,,,,,,,,,,,,,,,,,,,,,,,,,,,,,,,,,,,,,,,,,,,,,,,,,,,,,,,,,,,,,,,,,,,,,,,,,,
g68,g,n,0.0,250.0,347.82608,301.88678,0.0,0.0,285.714294,320.0,296.296295,313.725494,0.0,271.186432,0.0,231.884064,205.128204,0.0,200.0,160.0,,,,,,,,,,,,,,,,,,,,,,,,,,,,,,,,,,,,,,,,,,,,,,,,,,,,,,,,,,,,,,,,,,,,,,,,,,,,,,,,,,,,,,,,,,,,,,,,,,,,,,,,,,,,,,,,,,,,,,,,,,,,,,,
g82_I,g,i,0.0,275.862061,0.0,290.909088,296.296295,0.0,242.42424,207.792206,192.771088,181.818176,271.186432,,,,,,,,,,,,,,,,,,,,,,,,,,,,,,,,,,,,,,,,,,,,,,,,,,,,,,,,,,,,,,,,,,,,,,,,,,,,,,,,,,,,,,,,,,,,,,,,,,,,,,,,,,,,,,,,,,,,,,,,,,,,,,,,,,,,,,
g83_I,g,i,0.0,216.216217,228.571426,0.0,228.571426,0.0,179.775284,175.824173,0.0,163.265305,160.0,,,,,,,,,,,,,,,,,,,,,,,,,,,,,,,,,,,,,,,,,,,,,,,,,,,,,,,,,,,,,,,,,,,,,,,,,,,,,,,,,,,,,,,,,,,,,,,,,,,,,,,,,,,,,,,,,,,,,,,,,,,,,,,,,,,,,,
g86,g,n,0.0,0.0,0.0,0.0,0.0,181.818176,67.226891,170.212769,0.0,172.043015,158.415848,188.235291,0.0,,,,,,,,,,,,,,,,,,,,,,,,,,,,,,,,,,,,,,,,,,,,,,,,,,,,,,,,,,,,,,,,,,,,,,,,,,,,,,,,,,,,,,,,,,,,,,,,,,,,,,,,,,,,,,,,,,,,,,,,,,,,,,,,,,,,
g90,g,n,0.0,228.571426,290.909088,0.0,271.186432,173.91304,0.0,0.0,285.714294,0.0,400.0,0.0,0.0,0.0,333.333344,0.0,0.0,444.444458,228.571426,,,,,,,,,,,,,,,,,,,,,,,,,,,,,,,,,,,,,,,,,,,,,,,,,,,,,,,,,,,,,,,,,,,,,,,,,,,,,,,,,,,,,,,,,,,,,,,,,,,,,,,,,,,,,,,,,,,,,,,,,,,,,,
g94_I,g,i,0.0,275.862061,290.909088,285.714294,432.432434,0.0,0.0,246.153839,225.352112,235.294113,62.745098,,,,,,,,,,,,,,,,,,,,,,,,,,,,,,,,,,,,,,,,,,,,,,,,,,,,,,,,,,,,,,,,,,,,,,,,,,,,,,,,,,,,,,,,,,,,,,,,,,,,,,,,,,,,,,,,,,,,,,,,,,,,,,,,,,,,,,
g95,g,n,0.0,202.531647,213.333328,213.333328,202.531647,186.046509,0.0,0.0,0.0,195.121948,186.046509,0.0,0.0,186.046509,0.0,246.153839,285.714294,296.296295,,,,,,,,,,,,,,,,,,,,,,,,,,,,,,,,,,,,,,,,,,,,,,,,,,,,,,,,,,,,,,,,,,,,,,,,,,,,,,,,,,,,,,,,,,,,,,,,,,,,,,,,,,,,,,,,,,,,,,,,,,,,,,,
g96_I,g,i,0.0,307.692322,0.0,275.862061,222.222229,258.064514,238.805969,77.669907,258.064514,150.94339,66.666664,72.398193,71.428574,77.669907,192.771088,231.884064,0.0,258.064514,97.560974,175.824173,179.775284,0.0,,,,,,,,,,,,,,,,,,,,,,,,,,,,,,,,,,,,,,,,,,,,,,,,,,,,,,,,,,,,,,,,,,,,,,,,,,,,,,,,,,,,,,,,,,,,,,,,,,,,,,,,,,,,,,,,,,,,,,,,,,,
p105_I,p,i,0.0,0.0,266.666656,0.0,213.333328,200.0,0.0,0.0,0.0,0.0,84.656082,0.0,0.0,0.0,0.0,75.829384,42.553192,0.0,,,,,,,,,,,,,,,,,,,,,,,,,,,,,,,,,,,,,,,,,,,,,,,,,,,,,,,,,,,,,,,,,,,,,,,,,,,,,,,,,,,,,,,,,,,,,,,,,,,,,,,,,,,,,,,,,,,,,,,,,,,,,,,
p111,p,n,0.0,117.647057,213.333328,0.0,0.0,0.0,0.0,0.0,0.0,86.95652,0.0,0.0,0.0,0.0,242.42424,52.287582,0.0,,,,,,,,,,,,,,,,,,,,,,,,,,,,,,,,,,,,,,,,,,,,,,,,,,,,,,,,,,,,,,,,,,,,,,,,,,,,,,,,,,,,,,,,,,,,,,,,,,,,,,,,,,,,,,,,,,,,,,,,,,,,,,,,
p112_I,p,i,0.0,228.571426,290.909088,301.88678,231.884064,207.792206,210.526321,179.775284,188.235291,0.0,41.450779,42.895443,0.0,72.727272,79.60199,,,,,,,,,,,,,,,,,,,,,,,,,,,,,,,,,,,,,,,,,,,,,,,,,,,,,,,,,,,,,,,,,,,,,,,,,,,,,,,,,,,,,,,,,,,,,,,,,,,,,,,,,,,,,,,,,,,,,,,,,,,,,,,,,,
p114,p,n,0.0,235.294113,0.0,0.0,0.0,177.777771,175.824173,0.0,164.948456,158.415848,163.265305,0.0,0.0,,,,,,,,,,,,,,,,,,,,,,,,,,,,,,,,,,,,,,,,,,,,,,,,,,,,,,,,,,,,,,,,,,,,,,,,,,,,,,,,,,,,,,,,,,,,,,,,,,,,,,,,,,,,,,,,,,,,,,,,,,,,,,,,,,,,
p115,p,n,0.0,216.216217,231.884064,195.121948,124.031006,0.0,71.111115,213.333328,219.178085,64.777328,173.91304,54.237289,59.040592,41.34367,,,,,,,,,,,,,,,,,,,,,,,,,,,,,,,,,,,,,,,,,,,,,,,,,,,,,,,,,,,,,,,,,,,,,,,,,,,,,,,,,,,,,,,,,,,,,,,,,,,,,,,,,,,,,,,,,,,,,,,,,,,,,,,,,,,
p12,p,n,0.0,72.072075,41.884815,120.300751,82.901558,0.0,0.0,0.0,0.0,340.425537,326.530609,320.0,77.669907,0.0,,,,,,,,,,,,,,,,,,,,,,,,,,,,,,,,,,,,,,,,,,,,,,,,,,,,,,,,,,,,,,,,,,,,,,,,,,,,,,,,,,,,,,,,,,,,,,,,,,,,,,,,,,,,,,,,,,,,,,,,,,,,,,,,,,,
p144_I,p,i,0.0,54.237289,85.106384,173.91304,82.901558,301.88678,285.714294,266.666656,266.666656,0.0,253.968246,231.884064,0.0,0.0,0.0,0.0,0.0,,,,,,,,,,,,,,,,,,,,,,,,,,,,,,,,,,,,,,,,,,,,,,,,,,,,,,,,,,,,,,,,,,,,,,,,,,,,,,,,,,,,,,,,,,,,,,,,,,,,,,,,,,,,,,,,,,,,,,,,,,,,,,,,
p145,p,n,0.0,190.476196,355.555542,0.0,266.666656,266.666656,275.862061,82.901558,78.431374,73.394493,50.473186,0.0,188.235291,150.94339,0.0,0.0,,,,,,,,,,,,,,,,,,,,,,,,,,,,,,,,,,,,,,,,,,,,,,,,,,,,,,,,,,,,,,,,,,,,,,,,,,,,,,,,,,,,,,,,,,,,,,,,,,,,,,,,,,,,,,,,,,,,,,,,,,,,,,,,,
p147_I,p,i,0.0,49.23077,42.666668,280.701752,0.0,0.0,41.884815,0.0,0.0,,,,,,,,,,,,,,,,,,,,,,,,,,,,,,,,,,,,,,,,,,,,,,,,,,,,,,,,,,,,,,,,,,,,,,,,,,,,,,,,,,,,,,,,,,,,,,,,,,,,,,,,,,,,,,,,,,,,,,,,,,,,,,,,,,,,,,,,
p163_I,p,i,170.212769,0.0,101.265823,200.0,202.531647,125.0,0.0,86.486488,0.0,,,,,,,,,,,,,,,,,,,,,,,,,,,,,,,,,,,,,,,,,,,,,,,,,,,,,,,,,,,,,,,,,,,,,,,,,,,,,,,,,,,,,,,,,,,,,,,,,,,,,,,,,,,,,,,,,,,,,,,,,,,,,,,,,,,,,,,,
p2,p,n,0.0,242.42424,76.555023,253.968246,320.0,0.0,296.296295,60.150375,47.90419,44.444443,84.210526,59.040592,,,,,,,,,,,,,,,,,,,,,,,,,,,,,,,,,,,,,,,,,,,,,,,,,,,,,,,,,,,,,,,,,,,,,,,,,,,,,,,,,,,,,,,,,,,,,,,,,,,,,,,,,,,,,,,,,,,,,,,,,,,,,,,,,,,,,
p24_I,p,i,0.0,250.0,134.453781,280.701752,225.352112,225.352112,225.352112,0.0,179.775284,0.0,210.526321,228.571426,253.968246,258.064514,0.0,326.530609,64.777328,,,,,,,,,,,,,,,,,,,,,,,,,,,,,,,,,,,,,,,,,,,,,,,,,,,,,,,,,,,,,,,,,,,,,,,,,,,,,,,,,,,,,,,,,,,,,,,,,,,,,,,,,,,,,,,,,,,,,,,,,,,,,,,,
p25_I,p,i,0.0,0.0,0.0,0.0,222.222229,210.526321,231.884064,216.216217,0.0,0.0,179.775284,60.377357,57.142857,0.0,0.0,57.971016,44.817928,75.471695,,,,,,,,,,,,,,,,,,,,,,,,,,,,,,,,,,,,,,,,,,,,,,,,,,,,,,,,,,,,,,,,,,,,,,,,,,,,,,,,,,,,,,,,,,,,,,,,,,,,,,,,,,,,,,,,,,,,,,,,,,,,,,,
p26_I,p,i,0.0,190.476196,238.805969,126.984123,200.0,68.085106,205.128204,170.212769,164.948456,179.775284,0.0,0.0,76.555023,160.0,0.0,0.0,0.0,0.0,161.616165,68.965515,53.156147,42.78075,40.712467,0.0,,,,,,,,,,,,,,,,,,,,,,,,,,,,,,,,,,,,,,,,,,,,,,,,,,,,,,,,,,,,,,,,,,,,,,,,,,,,,,,,,,,,,,,,,,,,,,,,,,,,,,,,,,,,,,,,,,,,,,,,,
p33_I,p,i,0.0,0.0,72.398193,75.471695,333.333344,333.333344,333.333344,0.0,87.431694,253.968246,231.884064,197.530869,0.0,0.0,0.0,0.0,168.421051,,,,,,,,,,,,,,,,,,,,,,,,,,,,,,,,,,,,,,,,,,,,,,,,,,,,,,,,,,,,,,,,,,,,,,,,,,,,,,,,,,,,,,,,,,,,,,,,,,,,,,,,,,,,,,,,,,,,,,,,,,,,,,,,
p34_I,p,i,0.0,228.571426,246.153839,0.0,238.805969,235.294113,0.0,225.352112,207.792206,231.884064,188.235291,186.046509,186.046509,0.0,0.0,49.23077,64.516129,51.446945,,,,,,,,,,,,,,,,,,,,,,,,,,,,,,,,,,,,,,,,,,,,,,,,,,,,,,,,,,,,,,,,,,,,,,,,,,,,,,,,,,,,,,,,,,,,,,,,,,,,,,,,,,,,,,,,,,,,,,,,,,,,,,,
p37,p,n,0.0,0.0,320.0,96.969696,275.862061,355.555542,347.82608,0.0,145.454544,228.571426,228.571426,210.526321,225.352112,183.908051,168.421051,0.0,0.0,,,,,,,,,,,,,,,,,,,,,,,,,,,,,,,,,,,,,,,,,,,,,,,,,,,,,,,,,,,,,,,,,,,,,,,,,,,,,,,,,,,,,,,,,,,,,,,,,,,,,,,,,,,,,,,,,,,,,,,,,,,,,,,,
p42,p,n,0.0,183.908051,0.0,355.555542,205.128204,0.0,363.636353,347.82608,0.0,320.0,307.692322,285.714294,271.186432,0.0,280.701752,0.0,,,,,,,,,,,,,,,,,,,,,,,,,,,,,,,,,,,,,,,,,,,,,,,,,,,,,,,,,,,,,,,,,,,,,,,,,,,,,,,,,,,,,,,,,,,,,,,,,,,,,,,,,,,,,,,,,,,,,,,,,,,,,,,,,
p46_I,p,i,0.0,0.0,0.0,98.159508,222.222229,231.884064,266.666656,190.476196,0.0,0.0,153.846161,149.532715,0.0,0.0,0.0,52.980133,56.537102,0.0,,,,,,,,,,,,,,,,,,,,,,,,,,,,,,,,,,,,,,,,,,,,,,,,,,,,,,,,,,,,,,,,,,,,,,,,,,,,,,,,,,,,,,,,,,,,,,,,,,,,,,,,,,,,,,,,,,,,,,,,,,,,,,,
p51_I,p,i,41.994751,49.535603,0.0,228.571426,46.647232,0.0,0.0,0.0,258.064514,0.0,,,,,,,,,,,,,,,,,,,,,,,,,,,,,,,,,,,,,,,,,,,,,,,,,,,,,,,,,,,,,,,,,,,,,,,,,,,,,,,,,,,,,,,,,,,,,,,,,,,,,,,,,,,,,,,,,,,,,,,,,,,,,,,,,,,,,,,
p6,p,n,0.0,0.0,266.666656,0.0,48.929665,41.994751,235.294113,59.259258,45.845272,45.584045,0.0,75.829384,235.294113,231.884064,225.352112,0.0,,,,,,,,,,,,,,,,,,,,,,,,,,,,,,,,,,,,,,,,,,,,,,,,,,,,,,,,,,,,,,,,,,,,,,,,,,,,,,,,,,,,,,,,,,,,,,,,,,,,,,,,,,,,,,,,,,,,,,,,,,,,,,,,,
p60_I,p,i,0.0,192.771088,195.121948,0.0,0.0,0.0,0.0,0.0,0.0,0.0,140.350876,,,,,,,,,,,,,,,,,,,,,,,,,,,,,,,,,,,,,,,,,,,,,,,,,,,,,,,,,,,,,,,,,,,,,,,,,,,,,,,,,,,,,,,,,,,,,,,,,,,,,,,,,,,,,,,,,,,,,,,,,,,,,,,,,,,,,,
p75,p,n,250.0,207.792206,213.333328,228.571426,228.571426,200.0,0.0,202.531647,200.0,200.0,200.0,195.121948,210.526321,0.0,,,,,,,,,,,,,,,,,,,,,,,,,,,,,,,,,,,,,,,,,,,,,,,,,,,,,,,,,,,,,,,,,,,,,,,,,,,,,,,,,,,,,,,,,,,,,,,,,,,,,,,,,,,,,,,,,,,,,,,,,,,,,,,,,,,
p81,p,n,0.0,235.294113,242.42424,0.0,340.425537,225.352112,231.884064,0.0,301.88678,231.884064,59.259258,0.0,242.42424,59.479553,,,,,,,,,,,,,,,,,,,,,,,,,,,,,,,,,,,,,,,,,,,,,,,,,,,,,,,,,,,,,,,,,,,,,,,,,,,,,,,,,,,,,,,,,,,,,,,,,,,,,,,,,,,,,,,,,,,,,,,,,,,,,,,,,,,
p88,p,n,0.0,133.333328,0.0,235.294113,228.571426,231.884064,155.339813,0.0,0.0,186.046509,175.824173,0.0,,,,,,,,,,,,,,,,,,,,,,,,,,,,,,,,,,,,,,,,,,,,,,,,,,,,,,,,,,,,,,,,,,,,,,,,,,,,,,,,,,,,,,,,,,,,,,,,,,,,,,,,,,,,,,,,,,,,,,,,,,,,,,,,,,,,,
p8_I,p,i,0.0,266.666656,0.0,0.0,262.295074,266.666656,0.0,228.571426,197.530869,0.0,,,,,,,,,,,,,,,,,,,,,,,,,,,,,,,,,,,,,,,,,,,,,,,,,,,,,,,,,,,,,,,,,,,,,,,,,,,,,,,,,,,,,,,,,,,,,,,,,,,,,,,,,,,,,,,,,,,,,,,,,,,,,,,,,,,,,,,
p91,p,n,0.0,238.805969,271.186432,0.0,235.294113,246.153839,242.42424,242.42424,228.571426,0.0,0.0,177.777771,170.212769,55.74913,63.745022,,,,,,,,,,,,,,,,,,,,,,,,,,,,,,,,,,,,,,,,,,,,,,,,,,,,,,,,,,,,,,,,,,,,,,,,,,,,,,,,,,,,,,,,,,,,,,,,,,,,,,,,,,,,,,,,,,,,,,,,,,,,,,,,,,
p93,p,n,186.046509,119.402985,0.0,0.0,285.714294,266.666656,242.42424,207.792206,100.0,0.0,0.0,0.0,0.0,0.0,0.0,,,,,,,,,,,,,,,,,,,,,,,,,,,,,,,,,,,,,,,,,,,,,,,,,,,,,,,,,,,,,,,,,,,,,,,,,,,,,,,,,,,,,,,,,,,,,,,,,,,,,,,,,,,,,,,,,,,,,,,,,,,,,,,,,,
p94,p,n,0.0,246.153839,111.111115,170.212769,242.42424,0.0,186.046509,175.824173,0.0,0.0,0.0,0.0,0.0,202.531647,,,,,,,,,,,,,,,,,,,,,,,,,,,,,,,,,,,,,,,,,,,,,,,,,,,,,,,,,,,,,,,,,,,,,,,,,,,,,,,,,,,,,,,,,,,,,,,,,,,,,,,,,,,,,,,,,,,,,,,,,,,,,,,,,,,
p95_I,p,i,0.0,200.0,78.048782,115.942032,0.0,67.226891,49.382717,49.689442,84.656082,,,,,,,,,,,,,,,,,,,,,,,,,,,,,,,,,,,,,,,,,,,,,,,,,,,,,,,,,,,,,,,,,,,,,,,,,,,,,,,,,,,,,,,,,,,,,,,,,,,,,,,,,,,,,,,,,,,,,,,,,,,,,,,,,,,,,,,,
r104_I,r,i,285.714294,173.91304,222.222229,0.0,207.792206,0.0,197.530869,179.775284,207.792206,96.385544,172.043015,177.777771,164.948456,155.339813,188.235291,86.021507,181.818176,107.382553,0.0,,,,,,,,,,,,,,,,,,,,,,,,,,,,,,,,,,,,,,,,,,,,,,,,,,,,,,,,,,,,,,,,,,,,,,,,,,,,,,,,,,,,,,,,,,,,,,,,,,,,,,,,,,,,,,,,,,,,,,,,,,,,,,
r109,r,n,0.0,242.42424,271.186432,262.295074,202.531647,228.571426,164.948456,246.153839,301.88678,271.186432,228.571426,,,,,,,,,,,,,,,,,,,,,,,,,,,,,,,,,,,,,,,,,,,,,,,,,,,,,,,,,,,,,,,,,,,,,,,,,,,,,,,,,,,,,,,,,,,,,,,,,,,,,,,,,,,,,,,,,,,,,,,,,,,,,,,,,,,,,,
r11,r,n,0.0,258.064514,296.296295,290.909088,280.701752,290.909088,0.0,0.0,0.0,0.0,0.0,0.0,266.666656,246.153839,0.0,166.666672,,,,,,,,,,,,,,,,,,,,,,,,,,,,,,,,,,,,,,,,,,,,,,,,,,,,,,,,,,,,,,,,,,,,,,,,,,,,,,,,,,,,,,,,,,,,,,,,,,,,,,,,,,,,,,,,,,,,,,,,,,,,,,,,,
r122_I,r,i,0.0,192.771088,207.792206,179.775284,144.14415,173.91304,175.824173,0.0,179.775284,181.818176,195.121948,216.216217,186.046509,0.0,177.777771,175.824173,190.476196,190.476196,225.352112,107.382553,228.571426,183.908051,0.0,0.0,,,,,,,,,,,,,,,,,,,,,,,,,,,,,,,,,,,,,,,,,,,,,,,,,,,,,,,,,,,,,,,,,,,,,,,,,,,,,,,,,,,,,,,,,,,,,,,,,,,,,,,,,,,,,,,,,,,,,,,,,
r127_I,r,i,0.0,195.121948,179.775284,148.148148,0.0,0.0,195.121948,0.0,0.0,70.484581,42.895443,,,,,,,,,,,,,,,,,,,,,,,,,,,,,,,,,,,,,,,,,,,,,,,,,,,,,,,,,,,,,,,,,,,,,,,,,,,,,,,,,,,,,,,,,,,,,,,,,,,,,,,,,,,,,,,,,,,,,,,,,,,,,,,,,,,,,,
r133,r,n,0.0,0.0,228.571426,0.0,246.153839,0.0,213.333328,0.0,190.476196,170.212769,0.0,160.0,172.043015,156.862747,158.415848,175.824173,97.560974,50.632912,84.656082,0.0,,,,,,,,,,,,,,,,,,,,,,,,,,,,,,,,,,,,,,,,,,,,,,,,,,,,,,,,,,,,,,,,,,,,,,,,,,,,,,,,,,,,,,,,,,,,,,,,,,,,,,,,,,,,,,,,,,,,,,,,,,,,,
r134_I,r,i,0.0,0.0,242.42424,192.771088,195.121948,153.846161,160.0,0.0,155.339813,0.0,0.0,53.872055,0.0,,,,,,,,,,,,,,,,,,,,,,,,,,,,,,,,,,,,,,,,,,,,,,,,,,,,,,,,,,,,,,,,,,,,,,,,,,,,,,,,,,,,,,,,,,,,,,,,,,,,,,,,,,,,,,,,,,,,,,,,,,,,,,,,,,,,
r135_I,r,i,0.0,197.530869,202.531647,235.294113,0.0,202.531647,170.212769,0.0,0.0,161.616165,156.862747,155.339813,153.846161,0.0,0.0,80.402008,135.593216,142.857147,140.350876,,,,,,,,,,,,,,,,,,,,,,,,,,,,,,,,,,,,,,,,,,,,,,,,,,,,,,,,,,,,,,,,,,,,,,,,,,,,,,,,,,,,,,,,,,,,,,,,,,,,,,,,,,,,,,,,,,,,,,,,,,,,,,
r13_I,r,i,0.0,363.636353,0.0,0.0,326.530609,320.0,290.909088,0.0,242.42424,228.571426,0.0,156.862747,207.792206,170.212769,173.91304,0.0,,,,,,,,,,,,,,,,,,,,,,,,,,,,,,,,,,,,,,,,,,,,,,,,,,,,,,,,,,,,,,,,,,,,,,,,,,,,,,,,,,,,,,,,,,,,,,,,,,,,,,,,,,,,,,,,,,,,,,,,,,,,,,,,,
r150,r,n,0.0,207.792206,183.908051,200.0,0.0,0.0,219.178085,210.526321,195.121948,177.777771,161.616165,65.306122,,,,,,,,,,,,,,,,,,,,,,,,,,,,,,,,,,,,,,,,,,,,,,,,,,,,,,,,,,,,,,,,,,,,,,,,,,,,,,,,,,,,,,,,,,,,,,,,,,,,,,,,,,,,,,,,,,,,,,,,,,,,,,,,,,,,,
r17_I,r,i,0.0,253.968246,210.526321,0.0,67.510551,216.216217,0.0,253.968246,0.0,213.333328,0.0,246.153839,222.222229,186.046509,158.415848,49.23077,48.484848,0.0,,,,,,,,,,,,,,,,,,,,,,,,,,,,,,,,,,,,,,,,,,,,,,,,,,,,,,,,,,,,,,,,,,,,,,,,,,,,,,,,,,,,,,,,,,,,,,,,,,,,,,,,,,,,,,,,,,,,,,,,,,,,,,,
r199,r,n,0.0,205.128204,235.294113,207.792206,192.771088,205.128204,0.0,205.128204,202.531647,271.186432,,,,,,,,,,,,,,,,,,,,,,,,,,,,,,,,,,,,,,,,,,,,,,,,,,,,,,,,,,,,,,,,,,,,,,,,,,,,,,,,,,,,,,,,,,,,,,,,,,,,,,,,,,,,,,,,,,,,,,,,,,,,,,,,,,,,,,,
r231,r,n,0.0,205.128204,78.431374,175.824173,0.0,0.0,183.908051,177.777771,93.023254,90.395477,61.53846,80.808083,0.0,45.845272,,,,,,,,,,,,,,,,,,,,,,,,,,,,,,,,,,,,,,,,,,,,,,,,,,,,,,,,,,,,,,,,,,,,,,,,,,,,,,,,,,,,,,,,,,,,,,,,,,,,,,,,,,,,,,,,,,,,,,,,,,,,,,,,,,,
r23_I,r,i,0.0,103.896103,210.526321,195.121948,183.908051,145.454544,0.0,0.0,235.294113,228.571426,213.333328,175.824173,0.0,188.235291,0.0,0.0,166.666672,0.0,164.948456,164.948456,82.051285,0.0,0.0,0.0,153.846161,161.616165,86.021507,158.415848,173.91304,,,,,,,,,,,,,,,,,,,,,,,,,,,,,,,,,,,,,,,,,,,,,,,,,,,,,,,,,,,,,,,,,,,,,,,,,,,,,,,,,,,,,,,,,,,,,,,,,,,,,,,,,,,,,,,,,,,,
r253,r,n,0.0,296.296295,0.0,262.295074,271.186432,235.294113,148.148148,160.0,0.0,0.0,290.909088,266.666656,205.128204,0.0,75.117371,65.84362,74.766357,,,,,,,,,,,,,,,,,,,,,,,,,,,,,,,,,,,,,,,,,,,,,,,,,,,,,,,,,,,,,,,,,,,,,,,,,,,,,,,,,,,,,,,,,,,,,,,,,,,,,,,,,,,,,,,,,,,,,,,,,,,,,,,,
r266_I,r,i,0.0,125.0,0.0,390.243896,0.0,179.775284,0.0,253.968246,207.792206,170.212769,262.295074,250.0,0.0,0.0,275.862061,301.88678,,,,,,,,,,,,,,,,,,,,,,,,,,,,,,,,,,,,,,,,,,,,,,,,,,,,,,,,,,,,,,,,,,,,,,,,,,,,,,,,,,,,,,,,,,,,,,,,,,,,,,,,,,,,,,,,,,,,,,,,,,,,,,,,,
r278,r,n,0.0,210.526321,0.0,179.775284,225.352112,0.0,222.222229,0.0,222.222229,200.0,0.0,219.178085,190.476196,168.421051,164.948456,0.0,59.701492,96.969696,,,,,,,,,,,,,,,,,,,,,,,,,,,,,,,,,,,,,,,,,,,,,,,,,,,,,,,,,,,,,,,,,,,,,,,,,,,,,,,,,,,,,,,,,,,,,,,,,,,,,,,,,,,,,,,,,,,,,,,,,,,,,,,
r282,r,n,0.0,210.526321,216.216217,246.153839,258.064514,228.571426,242.42424,213.333328,172.043015,0.0,0.0,200.0,0.0,51.612904,0.0,0.0,,,,,,,,,,,,,,,,,,,,,,,,,,,,,,,,,,,,,,,,,,,,,,,,,,,,,,,,,,,,,,,,,,,,,,,,,,,,,,,,,,,,,,,,,,,,,,,,,,,,,,,,,,,,,,,,,,,,,,,,,,,,,,,,,
r283_I,r,i,0.0,231.884064,0.0,207.792206,219.178085,0.0,186.046509,0.0,210.526321,190.476196,200.0,0.0,87.912086,0.0,173.91304,172.043015,155.339813,0.0,0.0,,,,,,,,,,,,,,,,,,,,,,,,,,,,,,,,,,,,,,,,,,,,,,,,,,,,,,,,,,,,,,,,,,,,,,,,,,,,,,,,,,,,,,,,,,,,,,,,,,,,,,,,,,,,,,,,,,,,,,,,,,,,,,
r284,r,n,0.0,246.153839,285.714294,307.692322,0.0,250.0,235.294113,0.0,0.0,246.153839,228.571426,0.0,296.296295,0.0,181.818176,92.48555,,,,,,,,,,,,,,,,,,,,,,,,,,,,,,,,,,,,,,,,,,,,,,,,,,,,,,,,,,,,,,,,,,,,,,,,,,,,,,,,,,,,,,,,,,,,,,,,,,,,,,,,,,,,,,,,,,,,,,,,,,,,,,,,,
r300_I,r,i,0.0,253.968246,0.0,0.0,266.666656,197.530869,0.0,63.492062,49.382717,,,,,,,,,,,,,,,,,,,,,,,,,,,,,,,,,,,,,,,,,,,,,,,,,,,,,,,,,,,,,,,,,,,,,,,,,,,,,,,,,,,,,,,,,,,,,,,,,,,,,,,,,,,,,,,,,,,,,,,,,,,,,,,,,,,,,,,,
r46B_I,r,i,0.0,179.775284,179.775284,166.666672,266.666656,0.0,166.666672,0.0,0.0,,,,,,,,,,,,,,,,,,,,,,,,,,,,,,,,,,,,,,,,,,,,,,,,,,,,,,,,,,,,,,,,,,,,,,,,,,,,,,,,,,,,,,,,,,,,,,,,,,,,,,,,,,,,,,,,,,,,,,,,,,,,,,,,,,,,,,,,
r47,r,n,0.0,195.121948,222.222229,190.476196,190.476196,0.0,0.0,175.824173,166.666672,88.397789,186.046509,,,,,,,,,,,,,,,,,,,,,,,,,,,,,,,,,,,,,,,,,,,,,,,,,,,,,,,,,,,,,,,,,,,,,,,,,,,,,,,,,,,,,,,,,,,,,,,,,,,,,,,,,,,,,,,,,,,,,,,,,,,,,,,,,,,,,,
r60,r,n,0.0,177.777771,0.0,0.0,173.91304,181.818176,0.0,161.616165,166.666672,177.777771,170.212769,67.226891,,,,,,,,,,,,,,,,,,,,,,,,,,,,,,,,,,,,,,,,,,,,,,,,,,,,,,,,,,,,,,,,,,,,,,,,,,,,,,,,,,,,,,,,,,,,,,,,,,,,,,,,,,,,,,,,,,,,,,,,,,,,,,,,,,,,,
r7,r,n,0.0,0.0,137.93103,0.0,170.212769,172.043015,0.0,164.948456,168.421051,250.0,0.0,161.616165,166.666672,,,,,,,,,,,,,,,,,,,,,,,,,,,,,,,,,,,,,,,,,,,,,,,,,,,,,,,,,,,,,,,,,,,,,,,,,,,,,,,,,,,,,,,,,,,,,,,,,,,,,,,,,,,,,,,,,,,,,,,,,,,,,,,,,,,,
r70,r,n,0.0,197.530869,0.0,0.0,0.0,173.91304,0.0,0.0,149.532715,0.0,0.0,122.137405,75.829384,,,,,,,,,,,,,,,,,,,,,,,,,,,,,,,,,,,,,,,,,,,,,,,,,,,,,,,,,,,,,,,,,,,,,,,,,,,,,,,,,,,,,,,,,,,,,,,,,,,,,,,,,,,,,,,,,,,,,,,,,,,,,,,,,,,,
r80_I,r,i,0.0,262.295074,0.0,253.968246,347.82608,181.818176,168.421051,168.421051,84.210526,87.912086,163.265305,93.567253,,,,,,,,,,,,,,,,,,,,,,,,,,,,,,,,,,,,,,,,,,,,,,,,,,,,,,,,,,,,,,,,,,,,,,,,,,,,,,,,,,,,,,,,,,,,,,,,,,,,,,,,,,,,,,,,,,,,,,,,,,,,,,,,,,,,,
r83_I,r,i,0.0,400.0,390.243896,253.968246,129.032257,210.526321,200.0,0.0,188.235291,0.0,175.824173,0.0,149.532715,160.0,0.0,253.968246,307.692322,258.064514,216.216217,170.212769,164.948456,0.0,228.571426,152.380951,0.0,,,,,,,,,,,,,,,,,,,,,,,,,,,,,,,,,,,,,,,,,,,,,,,,,,,,,,,,,,,,,,,,,,,,,,,,,,,,,,,,,,,,,,,,,,,,,,,,,,,,,,,,,,,,,,,,,,,,,,,,
r84_I,r,i,0.0,228.571426,320.0,0.0,301.88678,195.121948,145.454544,,,,,,,,,,,,,,,,,,,,,,,,,,,,,,,,,,,,,,,,,,,,,,,,,,,,,,,,,,,,,,,,,,,,,,,,,,,,,,,,,,,,,,,,,,,,,,,,,,,,,,,,,,,,,,,,,,,,,,,,,,,,,,,,,,,,,,,,,,
r96,r,n,0.0,380.952393,280.701752,235.294113,0.0,173.91304,166.666672,183.908051,0.0,146.788986,320.0,320.0,363.636353,0.0,340.425537,0.0,313.725494,320.0,340.425537,355.555542,0.0,,,,,,,,,,,,,,,,,,,,,,,,,,,,,,,,,,,,,,,,,,,,,,,,,,,,,,,,,,,,,,,,,,,,,,,,,,,,,,,,,,,,,,,,,,,,,,,,,,,,,,,,,,,,,,,,,,,,,,,,,,,,
y10_I,y,i,0.0,172.043015,0.0,175.824173,0.0,175.824173,195.121948,202.531647,,,,,,,,,,,,,,,,,,,,,,,,,,,,,,,,,,,,,,,,,,,,,,,,,,,,,,,,,,,,,,,,,,,,,,,,,,,,,,,,,,,,,,,,,,,,,,,,,,,,,,,,,,,,,,,,,,,,,,,,,,,,,,,,,,,,,,,,,
y17_I,y,i,0.0,0.0,44.444443,43.47826,0.0,113.475174,0.0,44.568245,46.376812,135.593216,0.0,0.0,,,,,,,,,,,,,,,,,,,,,,,,,,,,,,,,,,,,,,,,,,,,,,,,,,,,,,,,,,,,,,,,,,,,,,,,,,,,,,,,,,,,,,,,,,,,,,,,,,,,,,,,,,,,,,,,,,,,,,,,,,,,,,,,,,,,,
y20,y,n,0.0,235.294113,197.530869,200.0,54.237289,0.0,156.862747,0.0,192.771088,210.526321,202.531647,0.0,,,,,,,,,,,,,,,,,,,,,,,,,,,,,,,,,,,,,,,,,,,,,,,,,,,,,,,,,,,,,,,,,,,,,,,,,,,,,,,,,,,,,,,,,,,,,,,,,,,,,,,,,,,,,,,,,,,,,,,,,,,,,,,,,,,,,
y21,y,n,0.0,42.666668,0.0,124.031006,0.0,141.592926,0.0,0.0,0.0,0.0,,,,,,,,,,,,,,,,,,,,,,,,,,,,,,,,,,,,,,,,,,,,,,,,,,,,,,,,,,,,,,,,,,,,,,,,,,,,,,,,,,,,,,,,,,,,,,,,,,,,,,,,,,,,,,,,,,,,,,,,,,,,,,,,,,,,,,,
y23_I,y,i,0.0,0.0,0.0,131.147537,130.081299,110.344826,166.666672,210.526321,0.0,,,,,,,,,,,,,,,,,,,,,,,,,,,,,,,,,,,,,,,,,,,,,,,,,,,,,,,,,,,,,,,,,,,,,,,,,,,,,,,,,,,,,,,,,,,,,,,,,,,,,,,,,,,,,,,,,,,,,,,,,,,,,,,,,,,,,,,,
y26_I,y,i,0.0,161.616165,163.265305,166.666672,153.846161,152.380951,153.846161,149.532715,0.0,0.0,158.415848,172.043015,168.421051,181.818176,,,,,,,,,,,,,,,,,,,,,,,,,,,,,,,,,,,,,,,,,,,,,,,,,,,,,,,,,,,,,,,,,,,,,,,,,,,,,,,,,,,,,,,,,,,,,,,,,,,,,,,,,,,,,,,,,,,,,,,,,,,,,,,,,,,
y28_I,y,i,48.192772,66.390045,0.0,0.0,145.454544,173.91304,152.380951,144.14415,133.333328,118.518517,122.137405,0.0,61.302681,59.040592,0.0,123.07692,118.518517,111.888115,111.111115,86.486488,0.0,81.218277,,,,,,,,,,,,,,,,,,,,,,,,,,,,,,,,,,,,,,,,,,,,,,,,,,,,,,,,,,,,,,,,,,,,,,,,,,,,,,,,,,,,,,,,,,,,,,,,,,,,,,,,,,,,,,,,,,,,,,,,,,,
y29_I,y,i,0.0,0.0,134.453781,0.0,0.0,155.339813,0.0,107.382553,115.942032,135.593216,131.147537,0.0,115.942032,59.259258,62.745098,0.0,,,,,,,,,,,,,,,,,,,,,,,,,,,,,,,,,,,,,,,,,,,,,,,,,,,,,,,,,,,,,,,,,,,,,,,,,,,,,,,,,,,,,,,,,,,,,,,,,,,,,,,,,,,,,,,,,,,,,,,,,,,,,,,,,
y31,y,n,0.0,186.046509,173.91304,141.592926,142.857147,150.94339,43.243244,44.444443,47.761192,134.453781,120.300751,131.147537,133.333328,140.350876,130.081299,,,,,,,,,,,,,,,,,,,,,,,,,,,,,,,,,,,,,,,,,,,,,,,,,,,,,,,,,,,,,,,,,,,,,,,,,,,,,,,,,,,,,,,,,,,,,,,,,,,,,,,,,,,,,,,,,,,,,,,,,,,,,,,,,,
y34_I,y,i,0.0,141.592926,59.040592,66.390045,129.032257,115.10791,0.0,0.0,45.584045,57.553955,132.2314,131.147537,0.0,125.0,0.0,0.0,0.0,115.10791,108.108109,95.238098,57.971016,,,,,,,,,,,,,,,,,,,,,,,,,,,,,,,,,,,,,,,,,,,,,,,,,,,,,,,,,,,,,,,,,,,,,,,,,,,,,,,,,,,,,,,,,,,,,,,,,,,,,,,,,,,,,,,,,,,,,,,,,,,,
y35_I,y,i,0.0,0.0,160.0,0.0,131.147537,0.0,,,,,,,,,,,,,,,,,,,,,,,,,,,,,,,,,,,,,,,,,,,,,,,,,,,,,,,,,,,,,,,,,,,,,,,,,,,,,,,,,,,,,,,,,,,,,,,,,,,,,,,,,,,,,,,,,,,,,,,,,,,,,,,,,,,,,,,,,,,
y3_I,y,i,0.0,0.0,0.0,130.081299,0.0,70.175438,48.338367,43.47826,133.333328,117.647057,0.0,0.0,,,,,,,,,,,,,,,,,,,,,,,,,,,,,,,,,,,,,,,,,,,,,,,,,,,,,,,,,,,,,,,,,,,,,,,,,,,,,,,,,,,,,,,,,,,,,,,,,,,,,,,,,,,,,,,,,,,,,,,,,,,,,,,,,,,,,
y4,y,n,0.0,0.0,161.616165,62.5,145.454544,0.0,128.0,60.836502,105.960266,87.912086,0.0,116.788322,,,,,,,,,,,,,,,,,,,,,,,,,,,,,,,,,,,,,,,,,,,,,,,,,,,,,,,,,,,,,,,,,,,,,,,,,,,,,,,,,,,,,,,,,,,,,,,,,,,,,,,,,,,,,,,,,,,,,,,,,,,,,,,,,,,,,
y48_I,y,i,0.0,0.0,0.0,84.210526,205.128204,85.106384,76.92308,70.484581,43.715847,42.666668,41.025642,,,,,,,,,,,,,,,,,,,,,,,,,,,,,,,,,,,,,,,,,,,,,,,,,,,,,,,,,,,,,,,,,,,,,,,,,,,,,,,,,,,,,,,,,,,,,,,,,,,,,,,,,,,,,,,,,,,,,,,,,,,,,,,,,,,,,,
y50,y,n,166.666672,153.846161,139.130432,126.984123,125.0,121.21212,0.0,118.518517,0.0,112.676056,113.475174,0.0,0.0,109.589043,,,,,,,,,,,,,,,,,,,,,,,,,,,,,,,,,,,,,,,,,,,,,,,,,,,,,,,,,,,,,,,,,,,,,,,,,,,,,,,,,,,,,,,,,,,,,,,,,,,,,,,,,,,,,,,,,,,,,,,,,,,,,,,,,,,
y59,y,n,0.0,207.792206,163.265305,56.14035,0.0,140.350876,125.984253,0.0,0.0,115.10791,0.0,136.752136,126.984123,0.0,0.0,56.939503,0.0,,,,,,,,,,,,,,,,,,,,,,,,,,,,,,,,,,,,,,,,,,,,,,,,,,,,,,,,,,,,,,,,,,,,,,,,,,,,,,,,,,,,,,,,,,,,,,,,,,,,,,,,,,,,,,,,,,,,,,,,,,,,,,,,
y60_I,y,i,0.0,0.0,0.0,0.0,136.752136,65.040649,64.0,115.10791,103.225807,0.0,0.0,0.0,0.0,0.0,0.0,0.0,0.0,61.53846,116.788322,105.960266,0.0,0.0,0.0,,,,,,,,,,,,,,,,,,,,,,,,,,,,,,,,,,,,,,,,,,,,,,,,,,,,,,,,,,,,,,,,,,,,,,,,,,,,,,,,,,,,,,,,,,,,,,,,,,,,,,,,,,,,,,,,,,,,,,,,,,
y62,y,n,0.0,126.984123,125.984253,0.0,126.984123,129.032257,134.453781,67.510551,,,,,,,,,,,,,,,,,,,,,,,,,,,,,,,,,,,,,,,,,,,,,,,,,,,,,,,,,,,,,,,,,,,,,,,,,,,,,,,,,,,,,,,,,,,,,,,,,,,,,,,,,,,,,,,,,,,,,,,,,,,,,,,,,,,,,,,,,
y64,y,n,0.0,155.339813,0.0,43.126686,44.077133,0.0,116.788322,122.137405,,,,,,,,,,,,,,,,,,,,,,,,,,,,,,,,,,,,,,,,,,,,,,,,,,,,,,,,,,,,,,,,,,,,,,,,,,,,,,,,,,,,,,,,,,,,,,,,,,,,,,,,,,,,,,,,,,,,,,,,,,,,,,,,,,,,,,,,,
y65,y,n,0.0,0.0,0.0,0.0,0.0,59.040592,62.992126,56.537102,58.823528,0.0,0.0,111.111115,0.0,57.142857,0.0,0.0,,,,,,,,,,,,,,,,,,,,,,,,,,,,,,,,,,,,,,,,,,,,,,,,,,,,,,,,,,,,,,,,,,,,,,,,,,,,,,,,,,,,,,,,,,,,,,,,,,,,,,,,,,,,,,,,,,,,,,,,,,,,,,,,,
y66,y,n,0.0,78.817734,42.666668,43.360435,43.243244,126.984123,130.081299,42.216358,55.172413,72.072075,0.0,0.0,0.0,,,,,,,,,,,,,,,,,,,,,,,,,,,,,,,,,,,,,,,,,,,,,,,,,,,,,,,,,,,,,,,,,,,,,,,,,,,,,,,,,,,,,,,,,,,,,,,,,,,,,,,,,,,,,,,,,,,,,,,,,,,,,,,,,,,,
y69,y,n,0.0,126.984123,132.2314,51.612904,50.955414,149.532715,125.984253,0.0,148.148148,139.130432,0.0,121.21212,0.0,,,,,,,,,,,,,,,,,,,,,,,,,,,,,,,,,,,,,,,,,,,,,,,,,,,,,,,,,,,,,,,,,,,,,,,,,,,,,,,,,,,,,,,,,,,,,,,,,,,,,,,,,,,,,,,,,,,,,,,,,,,,,,,,,,,,
y6_I,y,i,0.0,142.857147,0.0,0.0,146.788986,142.857147,0.0,0.0,,,,,,,,,,,,,,,,,,,,,,,,,,,,,,,,,,,,,,,,,,,,,,,,,,,,,,,,,,,,,,,,,,,,,,,,,,,,,,,,,,,,,,,,,,,,,,,,,,,,,,,,,,,,,,,,,,,,,,,,,,,,,,,,,,,,,,,,,
y78_I,y,i,0.0,136.752136,78.048782,160.0,183.908051,0.0,179.775284,141.592926,96.385544,195.121948,164.948456,207.792206,216.216217,188.235291,51.779934,,,,,,,,,,,,,,,,,,,,,,,,,,,,,,,,,,,,,,,,,,,,,,,,,,,,,,,,,,,,,,,,,,,,,,,,,,,,,,,,,,,,,,,,,,,,,,,,,,,,,,,,,,,,,,,,,,,,,,,,,,,,,,,,,,
y79_I,y,i,0.0,134.453781,0.0,139.130432,106.666664,0.0,,,,,,,,,,,,,,,,,,,,,,,,,,,,,,,,,,,,,,,,,,,,,,,,,,,,,,,,,,,,,,,,,,,,,,,,,,,,,,,,,,,,,,,,,,,,,,,,,,,,,,,,,,,,,,,,,,,,,,,,,,,,,,,,,,,,,,,,,,,
y7_I,y,i,0.0,0.0,59.701492,0.0,0.0,170.212769,177.777771,0.0,125.984253,62.256809,134.453781,0.0,149.532715,0.0,172.043015,0.0,42.216358,,,,,,,,,,,,,,,,,,,,,,,,,,,,,,,,,,,,,,,,,,,,,,,,,,,,,,,,,,,,,,,,,,,,,,,,,,,,,,,,,,,,,,,,,,,,,,,,,,,,,,,,,,,,,,,,,,,,,,,,,,,,,,,,
y80,y,n,0.0,136.752136,130.081299,139.130432,141.592926,0.0,69.868996,44.568245,0.0,0.0,64.516129,59.701492,64.0,54.237289,0.0,,,,,,,,,,,,,,,,,,,,,,,,,,,,,,,,,,,,,,,,,,,,,,,,,,,,,,,,,,,,,,,,,,,,,,,,,,,,,,,,,,,,,,,,,,,,,,,,,,,,,,,,,,,,,,,,,,,,,,,,,,,,,,,,,,
y86,y,n,0.0,132.2314,132.2314,141.592926,172.043015,144.14415,142.857147,0.0,0.0,0.0,140.350876,0.0,0.0,,,,,,,,,,,,,,,,,,,,,,,,,,,,,,,,,,,,,,,,,,,,,,,,,,,,,,,,,,,,,,,,,,,,,,,,,,,,,,,,,,,,,,,,,,,,,,,,,,,,,,,,,,,,,,,,,,,,,,,,,,,,,,,,,,,,
y87,y,n,0.0,0.0,0.0,126.984123,0.0,47.619049,0.0,0.0,97.560974,106.666664,0.0,107.382553,133.333328,0.0,,,,,,,,,,,,,,,,,,,,,,,,,,,,,,,,,,,,,,,,,,,,,,,,,,,,,,,,,,,,,,,,,,,,,,,,,,,,,,,,,,,,,,,,,,,,,,,,,,,,,,,,,,,,,,,,,,,,,,,,,,,,,,,,,,,
y9,y,n,0.0,0.0,150.94339,131.147537,142.857147,137.93103,134.453781,125.0,124.031006,110.344826,0.0,0.0,0.0,0.0,,,,,,,,,,,,,,,,,,,,,,,,,,,,,,,,,,,,,,,,,,,,,,,,,,,,,,,,,,,,,,,,,,,,,,,,,,,,,,,,,,,,,,,,,,,,,,,,,,,,,,,,,,,,,,,,,,,,,,,,,,,,,,,,,,,
