,name,speaker,lab,time
0,PPep12_b34_I,B,i,1
1,PPep12_b34_I,B,i,2
2,PPep12_b34_I,B,i,3
3,PPep12_b34_I,B,i,4
4,PPep12_b34_I,B,i,5
5,PPep12_b34_I,B,i,6
6,PPep12_b34_I,B,i,7
7,PPep12_b34_I,B,i,8
8,PPep12_b34_I,B,i,9
9,PPep12_b34_I,B,i,10
10,PPep12_b34_I,B,i,11
11,PPep12_b34_I,B,i,12
12,PPep12_b34_I,B,i,13
13,PPep12_b34_I,B,i,14
14,PPep12_b34_I,B,i,15
15,PPep12_b34_I,B,i,16
16,PPep12_b34_I,B,i,17
17,PPep12_b34_I,B,i,18
18,PPep12_b34_I,B,i,19
19,PPep12_b34_I,B,i,20
20,PPep12_b34_I,B,i,21
21,PPep12_b34_I,B,i,22
22,PPep12_b34_I,B,i,23
23,PPep12_b34_I,B,i,24
24,PPep12_b34_I,B,i,25
25,PPep12_b34_I,B,i,26
26,PPep12_b34_I,B,i,27
27,PPep12_b34_I,B,i,28
28,PPep12_b34_I,B,i,29
29,PPep12_b34_I,B,i,30
30,PPep12_b34_I,B,i,31
31,PPep12_b34_I,B,i,32
32,PPep12_b34_I,B,i,33
33,PPep12_b34_I,B,i,34
34,PPep12_b34_I,B,i,35
35,PPep12_b34_I,B,i,36
36,PPep12_b34_I,B,i,37
37,PPep12_b34_I,B,i,38
38,PPep12_b34_I,B,i,39
39,PPep12_b34_I,B,i,40
40,PPep12_b34_I,B,i,41
41,PPep12_b34_I,B,i,42
42,PPep12_b34_I,B,i,43
43,PPep12_b34_I,B,i,44
44,PPep12_b34_I,B,i,45
45,PPep12_b34_I,B,i,46
46,PPep12_b34_I,B,i,47
47,PPep12_b34_I,B,i,48
48,PPep12_b34_I,B,i,49
49,PPep12_b34_I,B,i,50
50,PPep12_b34_I,B,i,51
51,PPep12_b34_I,B,i,52
52,PPep12_b34_I,B,i,53
53,PPep12_b34_I,B,i,54
54,PPep12_b34_I,B,i,55
55,PPep12_b34_I,B,i,56
56,PPep12_b34_I,B,i,57
57,PPep12_b34_I,B,i,58
58,PPep12_b34_I,B,i,59
59,PPep12_b34_I,B,i,60
60,PPep12_b34_I,B,i,61
61,PPep12_b34_I,B,i,62
62,PPep12_b34_I,B,i,63
63,PPep12_b34_I,B,i,64
64,PPep12_b34_I,B,i,65
65,PPep12_b34_I,B,i,66
66,PPep12_b34_I,B,i,67
67,PPep12_b34_I,B,i,68
68,PPep12_b34_I,B,i,69
69,PPep12_b34_I,B,i,70
70,PPep12_b34_I,B,i,71
71,PPep12_b34_I,B,i,72
72,PPep12_b34_I,B,i,73
73,PPep12_b34_I,B,i,74
74,PPep12_b34_I,B,i,75
75,SPPep12_b96,B,n,1
76,SPPep12_b96,B,n,2
77,SPPep12_b96,B,n,3
78,SPPep12_b96,B,n,4
79,SPPep12_b96,B,n,5
80,SPPep12_b96,B,n,6
81,SPPep12_b96,B,n,7
82,SPPep12_b96,B,n,8
83,SPPep12_b96,B,n,9
84,SPPep12_b96,B,n,10
85,SPPep12_b96,B,n,11
86,SPPep12_b96,B,n,12
87,SPPep12_b96,B,n,13
88,SPPep12_b96,B,n,14
89,SPPep12_b96,B,n,15
90,SPPep12_b96,B,n,16
91,SPPep12_b96,B,n,17
92,SPPep12_b96,B,n,18
93,SPPep12_b96,B,n,19
94,SPPep12_b96,B,n,20
95,SPPep12_b96,B,n,21
96,SPPep12_b96,B,n,22
97,SPPep12_b96,B,n,23
98,SPPep12_b96,B,n,24
99,SPPep12_b96,B,n,25
100,SPPep12_b96,B,n,26
101,SPPep12_b96,B,n,27
102,SPPep12_b96,B,n,28
103,SPPep12_b96,B,n,29
104,SPPep12_b96,B,n,30
105,SPPep12_b96,B,n,31
106,SPPep12_b96,B,n,32
107,SPPep12_b96,B,n,33
108,SPPep12_b96,B,n,34
109,SPPep12_b96,B,n,35
110,SPPep12_b96,B,n,36
111,SPPep12_b96,B,n,37
112,SPPep12_b96,B,n,38
113,SPPep12_b96,B,n,39
114,SPPep12_b96,B,n,40
115,SPPep12_b96,B,n,41
116,SPPep12_b96,B,n,42
117,SPPep12_b96,B,n,43
118,SPPep12_b96,B,n,44
119,SPPep12_b96,B,n,45
120,SPPep12_b96,B,n,46
121,SPPep12_b96,B,n,47
122,SPPep12_b96,B,n,48
123,SPPep12_b96,B,n,49
124,SPPep12_b96,B,n,50
125,SPPep12_b96,B,n,51
126,SPPep12_b96,B,n,52
127,SPPep12_b96,B,n,53
128,SPPep12_b96,B,n,54
129,SPPep12_b96,B,n,55
130,SPPep12_b96,B,n,56
131,SPPep12_b96,B,n,57
132,SPPep12_b96,B,n,58
133,SPPep12_b96,B,n,59
134,SPPep12_b96,B,n,60
135,SPPep12_b96,B,n,61
136,SPPep12_b96,B,n,62
137,SPPep12_b96,B,n,63
138,SPPep12_b96,B,n,64
139,SPPep12_b96,B,n,65
140,SPPep12_b96,B,n,66
141,SPPep12_b96,B,n,67
142,SPPep12_b96,B,n,68
143,SPPep12_b96,B,n,69
144,SPPep12_b96,B,n,70
145,SPPep12_b96,B,n,71
146,SPPep12_b96,B,n,72
147,SPPep12_b96,B,n,73
148,SPPep12_b96,B,n,74
149,SPPep12_b96,B,n,75
150,PPep12_b35_I,B,i,1
151,PPep12_b35_I,B,i,2
152,PPep12_b35_I,B,i,3
153,PPep12_b35_I,B,i,4
154,PPep12_b35_I,B,i,5
155,PPep12_b35_I,B,i,6
156,PPep12_b35_I,B,i,7
157,PPep12_b35_I,B,i,8
158,PPep12_b35_I,B,i,9
159,PPep12_b35_I,B,i,10
160,PPep12_b35_I,B,i,11
161,PPep12_b35_I,B,i,12
162,PPep12_b35_I,B,i,13
163,PPep12_b35_I,B,i,14
164,PPep12_b35_I,B,i,15
165,PPep12_b35_I,B,i,16
166,PPep12_b35_I,B,i,17
167,PPep12_b35_I,B,i,18
168,PPep12_b35_I,B,i,19
169,PPep12_b35_I,B,i,20
170,PPep12_b35_I,B,i,21
171,PPep12_b35_I,B,i,22
172,PPep12_b35_I,B,i,23
173,PPep12_b35_I,B,i,24
174,PPep12_b35_I,B,i,25
175,PPep12_b35_I,B,i,26
176,PPep12_b35_I,B,i,27
177,PPep12_b35_I,B,i,28
178,PPep12_b35_I,B,i,29
179,PPep12_b35_I,B,i,30
180,PPep12_b35_I,B,i,31
181,PPep12_b35_I,B,i,32
182,PPep12_b35_I,B,i,33
183,PPep12_b35_I,B,i,34
184,PPep12_b35_I,B,i,35
185,PPep12_b35_I,B,i,36
186,PPep12_b35_I,B,i,37
187,PPep12_b35_I,B,i,38
188,PPep12_b35_I,B,i,39
189,PPep12_b35_I,B,i,40
190,PPep12_b35_I,B,i,41
191,PPep12_b35_I,B,i,42
192,PPep12_b35_I,B,i,43
193,PPep12_b35_I,B,i,44
194,PPep12_b35_I,B,i,45
195,PPep12_b35_I,B,i,46
196,PPep12_b35_I,B,i,47
197,PPep12_b35_I,B,i,48
198,PPep12_b35_I,B,i,49
199,PPep12_b35_I,B,i,50
200,PPep12_b35_I,B,i,51
201,PPep12_b35_I,B,i,52
202,PPep12_b35_I,B,i,53
203,PPep12_b35_I,B,i,54
204,PPep12_b35_I,B,i,55
205,PPep12_b35_I,B,i,56
206,PPep12_b35_I,B,i,57
207,PPep12_b35_I,B,i,58
208,PPep12_b35_I,B,i,59
209,PPep12_b35_I,B,i,60
210,PPep12_b35_I,B,i,61
211,PPep12_b35_I,B,i,62
212,PPep12_b35_I,B,i,63
213,PPep12_b35_I,B,i,64
214,PPep12_b35_I,B,i,65
215,PPep12_b35_I,B,i,66
216,PPep12_b35_I,B,i,67
217,PPep12_b35_I,B,i,68
218,PPep12_b35_I,B,i,69
219,PPep12_b35_I,B,i,70
220,PPep12_b35_I,B,i,71
221,PPep12_b35_I,B,i,72
222,PPep12_b35_I,B,i,73
223,PPep12_b35_I,B,i,74
224,PPep12_b35_I,B,i,75
225,PPep12_b8_I,B,i,1
226,PPep12_b8_I,B,i,2
227,PPep12_b8_I,B,i,3
228,PPep12_b8_I,B,i,4
229,PPep12_b8_I,B,i,5
230,PPep12_b8_I,B,i,6
231,PPep12_b8_I,B,i,7
232,PPep12_b8_I,B,i,8
233,PPep12_b8_I,B,i,9
234,PPep12_b8_I,B,i,10
235,PPep12_b8_I,B,i,11
236,PPep12_b8_I,B,i,12
237,PPep12_b8_I,B,i,13
238,PPep12_b8_I,B,i,14
239,PPep12_b8_I,B,i,15
240,PPep12_b8_I,B,i,16
241,PPep12_b8_I,B,i,17
242,PPep12_b8_I,B,i,18
243,PPep12_b8_I,B,i,19
244,PPep12_b8_I,B,i,20
245,PPep12_b8_I,B,i,21
246,PPep12_b8_I,B,i,22
247,PPep12_b8_I,B,i,23
248,PPep12_b8_I,B,i,24
249,PPep12_b8_I,B,i,25
250,PPep12_b8_I,B,i,26
251,PPep12_b8_I,B,i,27
252,PPep12_b8_I,B,i,28
253,PPep12_b8_I,B,i,29
254,PPep12_b8_I,B,i,30
255,PPep12_b8_I,B,i,31
256,PPep12_b8_I,B,i,32
257,PPep12_b8_I,B,i,33
258,PPep12_b8_I,B,i,34
259,PPep12_b8_I,B,i,35
260,PPep12_b8_I,B,i,36
261,PPep12_b8_I,B,i,37
262,PPep12_b8_I,B,i,38
263,PPep12_b8_I,B,i,39
264,PPep12_b8_I,B,i,40
265,PPep12_b8_I,B,i,41
266,PPep12_b8_I,B,i,42
267,PPep12_b8_I,B,i,43
268,PPep12_b8_I,B,i,44
269,PPep12_b8_I,B,i,45
270,PPep12_b8_I,B,i,46
271,PPep12_b8_I,B,i,47
272,PPep12_b8_I,B,i,48
273,PPep12_b8_I,B,i,49
274,PPep12_b8_I,B,i,50
275,PPep12_b8_I,B,i,51
276,PPep12_b8_I,B,i,52
277,PPep12_b8_I,B,i,53
278,PPep12_b8_I,B,i,54
279,PPep12_b8_I,B,i,55
280,PPep12_b8_I,B,i,56
281,PPep12_b8_I,B,i,57
282,PPep12_b8_I,B,i,58
283,PPep12_b8_I,B,i,59
284,PPep12_b8_I,B,i,60
285,PPep12_b8_I,B,i,61
286,PPep12_b8_I,B,i,62
287,PPep12_b8_I,B,i,63
288,PPep12_b8_I,B,i,64
289,PPep12_b8_I,B,i,65
290,PPep12_b8_I,B,i,66
291,PPep12_b8_I,B,i,67
292,PPep12_b8_I,B,i,68
293,PPep12_b8_I,B,i,69
294,PPep12_b8_I,B,i,70
295,PPep12_b8_I,B,i,71
296,PPep12_b8_I,B,i,72
297,PPep12_b8_I,B,i,73
298,PPep12_b8_I,B,i,74
299,PPep12_b8_I,B,i,75
300,SPPep12_b5,B,n,1
301,SPPep12_b5,B,n,2
302,SPPep12_b5,B,n,3
303,SPPep12_b5,B,n,4
304,SPPep12_b5,B,n,5
305,SPPep12_b5,B,n,6
306,SPPep12_b5,B,n,7
307,SPPep12_b5,B,n,8
308,SPPep12_b5,B,n,9
309,SPPep12_b5,B,n,10
310,SPPep12_b5,B,n,11
311,SPPep12_b5,B,n,12
312,SPPep12_b5,B,n,13
313,SPPep12_b5,B,n,14
314,SPPep12_b5,B,n,15
315,SPPep12_b5,B,n,16
316,SPPep12_b5,B,n,17
317,SPPep12_b5,B,n,18
318,SPPep12_b5,B,n,19
319,SPPep12_b5,B,n,20
320,SPPep12_b5,B,n,21
321,SPPep12_b5,B,n,22
322,SPPep12_b5,B,n,23
323,SPPep12_b5,B,n,24
324,SPPep12_b5,B,n,25
325,SPPep12_b5,B,n,26
326,SPPep12_b5,B,n,27
327,SPPep12_b5,B,n,28
328,SPPep12_b5,B,n,29
329,SPPep12_b5,B,n,30
330,SPPep12_b5,B,n,31
331,SPPep12_b5,B,n,32
332,SPPep12_b5,B,n,33
333,SPPep12_b5,B,n,34
334,SPPep12_b5,B,n,35
335,SPPep12_b5,B,n,36
336,SPPep12_b5,B,n,37
337,SPPep12_b5,B,n,38
338,SPPep12_b5,B,n,39
339,SPPep12_b5,B,n,40
340,SPPep12_b5,B,n,41
341,SPPep12_b5,B,n,42
342,SPPep12_b5,B,n,43
343,SPPep12_b5,B,n,44
344,SPPep12_b5,B,n,45
345,SPPep12_b5,B,n,46
346,SPPep12_b5,B,n,47
347,SPPep12_b5,B,n,48
348,SPPep12_b5,B,n,49
349,SPPep12_b5,B,n,50
350,SPPep12_b5,B,n,51
351,SPPep12_b5,B,n,52
352,SPPep12_b5,B,n,53
353,SPPep12_b5,B,n,54
354,SPPep12_b5,B,n,55
355,SPPep12_b5,B,n,56
356,SPPep12_b5,B,n,57
357,SPPep12_b5,B,n,58
358,SPPep12_b5,B,n,59
359,SPPep12_b5,B,n,60
360,SPPep12_b5,B,n,61
361,SPPep12_b5,B,n,62
362,SPPep12_b5,B,n,63
363,SPPep12_b5,B,n,64
364,SPPep12_b5,B,n,65
365,SPPep12_b5,B,n,66
366,SPPep12_b5,B,n,67
367,SPPep12_b5,B,n,68
368,SPPep12_b5,B,n,69
369,SPPep12_b5,B,n,70
370,SPPep12_b5,B,n,71
371,SPPep12_b5,B,n,72
372,SPPep12_b5,B,n,73
373,SPPep12_b5,B,n,74
374,SPPep12_b5,B,n,75
375,PPep12_b114_I,B,i,1
376,PPep12_b114_I,B,i,2
377,PPep12_b114_I,B,i,3
378,PPep12_b114_I,B,i,4
379,PPep12_b114_I,B,i,5
380,PPep12_b114_I,B,i,6
381,PPep12_b114_I,B,i,7
382,PPep12_b114_I,B,i,8
383,PPep12_b114_I,B,i,9
384,PPep12_b114_I,B,i,10
385,PPep12_b114_I,B,i,11
386,PPep12_b114_I,B,i,12
387,PPep12_b114_I,B,i,13
388,PPep12_b114_I,B,i,14
389,PPep12_b114_I,B,i,15
390,PPep12_b114_I,B,i,16
391,PPep12_b114_I,B,i,17
392,PPep12_b114_I,B,i,18
393,PPep12_b114_I,B,i,19
394,PPep12_b114_I,B,i,20
395,PPep12_b114_I,B,i,21
396,PPep12_b114_I,B,i,22
397,PPep12_b114_I,B,i,23
398,PPep12_b114_I,B,i,24
399,PPep12_b114_I,B,i,25
400,PPep12_b114_I,B,i,26
401,PPep12_b114_I,B,i,27
402,PPep12_b114_I,B,i,28
403,PPep12_b114_I,B,i,29
404,PPep12_b114_I,B,i,30
405,PPep12_b114_I,B,i,31
406,PPep12_b114_I,B,i,32
407,PPep12_b114_I,B,i,33
408,PPep12_b114_I,B,i,34
409,PPep12_b114_I,B,i,35
410,PPep12_b114_I,B,i,36
411,PPep12_b114_I,B,i,37
412,PPep12_b114_I,B,i,38
413,PPep12_b114_I,B,i,39
414,PPep12_b114_I,B,i,40
415,PPep12_b114_I,B,i,41
416,PPep12_b114_I,B,i,42
417,PPep12_b114_I,B,i,43
418,PPep12_b114_I,B,i,44
419,PPep12_b114_I,B,i,45
420,PPep12_b114_I,B,i,46
421,PPep12_b114_I,B,i,47
422,PPep12_b114_I,B,i,48
423,PPep12_b114_I,B,i,49
424,PPep12_b114_I,B,i,50
425,PPep12_b114_I,B,i,51
426,PPep12_b114_I,B,i,52
427,PPep12_b114_I,B,i,53
428,PPep12_b114_I,B,i,54
429,PPep12_b114_I,B,i,55
430,PPep12_b114_I,B,i,56
431,PPep12_b114_I,B,i,57
432,PPep12_b114_I,B,i,58
433,PPep12_b114_I,B,i,59
434,PPep12_b114_I,B,i,60
435,PPep12_b114_I,B,i,61
436,PPep12_b114_I,B,i,62
437,PPep12_b114_I,B,i,63
438,PPep12_b114_I,B,i,64
439,PPep12_b114_I,B,i,65
440,PPep12_b114_I,B,i,66
441,PPep12_b114_I,B,i,67
442,PPep12_b114_I,B,i,68
443,PPep12_b114_I,B,i,69
444,PPep12_b114_I,B,i,70
445,PPep12_b114_I,B,i,71
446,PPep12_b114_I,B,i,72
447,PPep12_b114_I,B,i,73
448,PPep12_b114_I,B,i,74
449,PPep12_b114_I,B,i,75
450,PPep12_b11_I,B,i,1
451,PPep12_b11_I,B,i,2
452,PPep12_b11_I,B,i,3
453,PPep12_b11_I,B,i,4
454,PPep12_b11_I,B,i,5
455,PPep12_b11_I,B,i,6
456,PPep12_b11_I,B,i,7
457,PPep12_b11_I,B,i,8
458,PPep12_b11_I,B,i,9
459,PPep12_b11_I,B,i,10
460,PPep12_b11_I,B,i,11
461,PPep12_b11_I,B,i,12
462,PPep12_b11_I,B,i,13
463,PPep12_b11_I,B,i,14
464,PPep12_b11_I,B,i,15
465,PPep12_b11_I,B,i,16
466,PPep12_b11_I,B,i,17
467,PPep12_b11_I,B,i,18
468,PPep12_b11_I,B,i,19
469,PPep12_b11_I,B,i,20
470,PPep12_b11_I,B,i,21
471,PPep12_b11_I,B,i,22
472,PPep12_b11_I,B,i,23
473,PPep12_b11_I,B,i,24
474,PPep12_b11_I,B,i,25
475,PPep12_b11_I,B,i,26
476,PPep12_b11_I,B,i,27
477,PPep12_b11_I,B,i,28
478,PPep12_b11_I,B,i,29
479,PPep12_b11_I,B,i,30
480,PPep12_b11_I,B,i,31
481,PPep12_b11_I,B,i,32
482,PPep12_b11_I,B,i,33
483,PPep12_b11_I,B,i,34
484,PPep12_b11_I,B,i,35
485,PPep12_b11_I,B,i,36
486,PPep12_b11_I,B,i,37
487,PPep12_b11_I,B,i,38
488,PPep12_b11_I,B,i,39
489,PPep12_b11_I,B,i,40
490,PPep12_b11_I,B,i,41
491,PPep12_b11_I,B,i,42
492,PPep12_b11_I,B,i,43
493,PPep12_b11_I,B,i,44
494,PPep12_b11_I,B,i,45
495,PPep12_b11_I,B,i,46
496,PPep12_b11_I,B,i,47
497,PPep12_b11_I,B,i,48
498,PPep12_b11_I,B,i,49
499,PPep12_b11_I,B,i,50
500,PPep12_b11_I,B,i,51
501,PPep12_b11_I,B,i,52
502,PPep12_b11_I,B,i,53
503,PPep12_b11_I,B,i,54
504,PPep12_b11_I,B,i,55
505,PPep12_b11_I,B,i,56
506,PPep12_b11_I,B,i,57
507,PPep12_b11_I,B,i,58
508,PPep12_b11_I,B,i,59
509,PPep12_b11_I,B,i,60
510,PPep12_b11_I,B,i,61
511,PPep12_b11_I,B,i,62
512,PPep12_b11_I,B,i,63
513,PPep12_b11_I,B,i,64
514,PPep12_b11_I,B,i,65
515,PPep12_b11_I,B,i,66
516,PPep12_b11_I,B,i,67
517,PPep12_b11_I,B,i,68
518,PPep12_b11_I,B,i,69
519,PPep12_b11_I,B,i,70
520,PPep12_b11_I,B,i,71
521,PPep12_b11_I,B,i,72
522,PPep12_b11_I,B,i,73
523,PPep12_b11_I,B,i,74
524,PPep12_b11_I,B,i,75
525,PPep12_b47_I,B,i,1
526,PPep12_b47_I,B,i,2
527,PPep12_b47_I,B,i,3
528,PPep12_b47_I,B,i,4
529,PPep12_b47_I,B,i,5
530,PPep12_b47_I,B,i,6
531,PPep12_b47_I,B,i,7
532,PPep12_b47_I,B,i,8
533,PPep12_b47_I,B,i,9
534,PPep12_b47_I,B,i,10
535,PPep12_b47_I,B,i,11
536,PPep12_b47_I,B,i,12
537,PPep12_b47_I,B,i,13
538,PPep12_b47_I,B,i,14
539,PPep12_b47_I,B,i,15
540,PPep12_b47_I,B,i,16
541,PPep12_b47_I,B,i,17
542,PPep12_b47_I,B,i,18
543,PPep12_b47_I,B,i,19
544,PPep12_b47_I,B,i,20
545,PPep12_b47_I,B,i,21
546,PPep12_b47_I,B,i,22
547,PPep12_b47_I,B,i,23
548,PPep12_b47_I,B,i,24
549,PPep12_b47_I,B,i,25
550,PPep12_b47_I,B,i,26
551,PPep12_b47_I,B,i,27
552,PPep12_b47_I,B,i,28
553,PPep12_b47_I,B,i,29
554,PPep12_b47_I,B,i,30
555,PPep12_b47_I,B,i,31
556,PPep12_b47_I,B,i,32
557,PPep12_b47_I,B,i,33
558,PPep12_b47_I,B,i,34
559,PPep12_b47_I,B,i,35
560,PPep12_b47_I,B,i,36
561,PPep12_b47_I,B,i,37
562,PPep12_b47_I,B,i,38
563,PPep12_b47_I,B,i,39
564,PPep12_b47_I,B,i,40
565,PPep12_b47_I,B,i,41
566,PPep12_b47_I,B,i,42
567,PPep12_b47_I,B,i,43
568,PPep12_b47_I,B,i,44
569,PPep12_b47_I,B,i,45
570,PPep12_b47_I,B,i,46
571,PPep12_b47_I,B,i,47
572,PPep12_b47_I,B,i,48
573,PPep12_b47_I,B,i,49
574,PPep12_b47_I,B,i,50
575,PPep12_b47_I,B,i,51
576,PPep12_b47_I,B,i,52
577,PPep12_b47_I,B,i,53
578,PPep12_b47_I,B,i,54
579,PPep12_b47_I,B,i,55
580,PPep12_b47_I,B,i,56
581,PPep12_b47_I,B,i,57
582,PPep12_b47_I,B,i,58
583,PPep12_b47_I,B,i,59
584,PPep12_b47_I,B,i,60
585,PPep12_b47_I,B,i,61
586,PPep12_b47_I,B,i,62
587,PPep12_b47_I,B,i,63
588,PPep12_b47_I,B,i,64
589,PPep12_b47_I,B,i,65
590,PPep12_b47_I,B,i,66
591,PPep12_b47_I,B,i,67
592,PPep12_b47_I,B,i,68
593,PPep12_b47_I,B,i,69
594,PPep12_b47_I,B,i,70
595,PPep12_b47_I,B,i,71
596,PPep12_b47_I,B,i,72
597,PPep12_b47_I,B,i,73
598,PPep12_b47_I,B,i,74
599,PPep12_b47_I,B,i,75
600,SPPep12_b65,B,n,1
601,SPPep12_b65,B,n,2
602,SPPep12_b65,B,n,3
603,SPPep12_b65,B,n,4
604,SPPep12_b65,B,n,5
605,SPPep12_b65,B,n,6
606,SPPep12_b65,B,n,7
607,SPPep12_b65,B,n,8
608,SPPep12_b65,B,n,9
609,SPPep12_b65,B,n,10
610,SPPep12_b65,B,n,11
611,SPPep12_b65,B,n,12
612,SPPep12_b65,B,n,13
613,SPPep12_b65,B,n,14
614,SPPep12_b65,B,n,15
615,SPPep12_b65,B,n,16
616,SPPep12_b65,B,n,17
617,SPPep12_b65,B,n,18
618,SPPep12_b65,B,n,19
619,SPPep12_b65,B,n,20
620,SPPep12_b65,B,n,21
621,SPPep12_b65,B,n,22
622,SPPep12_b65,B,n,23
623,SPPep12_b65,B,n,24
624,SPPep12_b65,B,n,25
625,SPPep12_b65,B,n,26
626,SPPep12_b65,B,n,27
627,SPPep12_b65,B,n,28
628,SPPep12_b65,B,n,29
629,SPPep12_b65,B,n,30
630,SPPep12_b65,B,n,31
631,SPPep12_b65,B,n,32
632,SPPep12_b65,B,n,33
633,SPPep12_b65,B,n,34
634,SPPep12_b65,B,n,35
635,SPPep12_b65,B,n,36
636,SPPep12_b65,B,n,37
637,SPPep12_b65,B,n,38
638,SPPep12_b65,B,n,39
639,SPPep12_b65,B,n,40
640,SPPep12_b65,B,n,41
641,SPPep12_b65,B,n,42
642,SPPep12_b65,B,n,43
643,SPPep12_b65,B,n,44
644,SPPep12_b65,B,n,45
645,SPPep12_b65,B,n,46
646,SPPep12_b65,B,n,47
647,SPPep12_b65,B,n,48
648,SPPep12_b65,B,n,49
649,SPPep12_b65,B,n,50
650,SPPep12_b65,B,n,51
651,SPPep12_b65,B,n,52
652,SPPep12_b65,B,n,53
653,SPPep12_b65,B,n,54
654,SPPep12_b65,B,n,55
655,SPPep12_b65,B,n,56
656,SPPep12_b65,B,n,57
657,SPPep12_b65,B,n,58
658,SPPep12_b65,B,n,59
659,SPPep12_b65,B,n,60
660,SPPep12_b65,B,n,61
661,SPPep12_b65,B,n,62
662,SPPep12_b65,B,n,63
663,SPPep12_b65,B,n,64
664,SPPep12_b65,B,n,65
665,SPPep12_b65,B,n,66
666,SPPep12_b65,B,n,67
667,SPPep12_b65,B,n,68
668,SPPep12_b65,B,n,69
669,SPPep12_b65,B,n,70
670,SPPep12_b65,B,n,71
671,SPPep12_b65,B,n,72
672,SPPep12_b65,B,n,73
673,SPPep12_b65,B,n,74
674,SPPep12_b65,B,n,75
675,PPep12_b115_I,B,i,1
676,PPep12_b115_I,B,i,2
677,PPep12_b115_I,B,i,3
678,PPep12_b115_I,B,i,4
679,PPep12_b115_I,B,i,5
680,PPep12_b115_I,B,i,6
681,PPep12_b115_I,B,i,7
682,PPep12_b115_I,B,i,8
683,PPep12_b115_I,B,i,9
684,PPep12_b115_I,B,i,10
685,PPep12_b115_I,B,i,11
686,PPep12_b115_I,B,i,12
687,PPep12_b115_I,B,i,13
688,PPep12_b115_I,B,i,14
689,PPep12_b115_I,B,i,15
690,PPep12_b115_I,B,i,16
691,PPep12_b115_I,B,i,17
692,PPep12_b115_I,B,i,18
693,PPep12_b115_I,B,i,19
694,PPep12_b115_I,B,i,20
695,PPep12_b115_I,B,i,21
696,PPep12_b115_I,B,i,22
697,PPep12_b115_I,B,i,23
698,PPep12_b115_I,B,i,24
699,PPep12_b115_I,B,i,25
700,PPep12_b115_I,B,i,26
701,PPep12_b115_I,B,i,27
702,PPep12_b115_I,B,i,28
703,PPep12_b115_I,B,i,29
704,PPep12_b115_I,B,i,30
705,PPep12_b115_I,B,i,31
706,PPep12_b115_I,B,i,32
707,PPep12_b115_I,B,i,33
708,PPep12_b115_I,B,i,34
709,PPep12_b115_I,B,i,35
710,PPep12_b115_I,B,i,36
711,PPep12_b115_I,B,i,37
712,PPep12_b115_I,B,i,38
713,PPep12_b115_I,B,i,39
714,PPep12_b115_I,B,i,40
715,PPep12_b115_I,B,i,41
716,PPep12_b115_I,B,i,42
717,PPep12_b115_I,B,i,43
718,PPep12_b115_I,B,i,44
719,PPep12_b115_I,B,i,45
720,PPep12_b115_I,B,i,46
721,PPep12_b115_I,B,i,47
722,PPep12_b115_I,B,i,48
723,PPep12_b115_I,B,i,49
724,PPep12_b115_I,B,i,50
725,PPep12_b115_I,B,i,51
726,PPep12_b115_I,B,i,52
727,PPep12_b115_I,B,i,53
728,PPep12_b115_I,B,i,54
729,PPep12_b115_I,B,i,55
730,PPep12_b115_I,B,i,56
731,PPep12_b115_I,B,i,57
732,PPep12_b115_I,B,i,58
733,PPep12_b115_I,B,i,59
734,PPep12_b115_I,B,i,60
735,PPep12_b115_I,B,i,61
736,PPep12_b115_I,B,i,62
737,PPep12_b115_I,B,i,63
738,PPep12_b115_I,B,i,64
739,PPep12_b115_I,B,i,65
740,PPep12_b115_I,B,i,66
741,PPep12_b115_I,B,i,67
742,PPep12_b115_I,B,i,68
743,PPep12_b115_I,B,i,69
744,PPep12_b115_I,B,i,70
745,PPep12_b115_I,B,i,71
746,PPep12_b115_I,B,i,72
747,PPep12_b115_I,B,i,73
748,PPep12_b115_I,B,i,74
749,PPep12_b115_I,B,i,75
750,SPPep12_b127,B,n,1
751,SPPep12_b127,B,n,2
752,SPPep12_b127,B,n,3
753,SPPep12_b127,B,n,4
754,SPPep12_b127,B,n,5
755,SPPep12_b127,B,n,6
756,SPPep12_b127,B,n,7
757,SPPep12_b127,B,n,8
758,SPPep12_b127,B,n,9
759,SPPep12_b127,B,n,10
760,SPPep12_b127,B,n,11
761,SPPep12_b127,B,n,12
762,SPPep12_b127,B,n,13
763,SPPep12_b127,B,n,14
764,SPPep12_b127,B,n,15
765,SPPep12_b127,B,n,16
766,SPPep12_b127,B,n,17
767,SPPep12_b127,B,n,18
768,SPPep12_b127,B,n,19
769,SPPep12_b127,B,n,20
770,SPPep12_b127,B,n,21
771,SPPep12_b127,B,n,22
772,SPPep12_b127,B,n,23
773,SPPep12_b127,B,n,24
774,SPPep12_b127,B,n,25
775,SPPep12_b127,B,n,26
776,SPPep12_b127,B,n,27
777,SPPep12_b127,B,n,28
778,SPPep12_b127,B,n,29
779,SPPep12_b127,B,n,30
780,SPPep12_b127,B,n,31
781,SPPep12_b127,B,n,32
782,SPPep12_b127,B,n,33
783,SPPep12_b127,B,n,34
784,SPPep12_b127,B,n,35
785,SPPep12_b127,B,n,36
786,SPPep12_b127,B,n,37
787,SPPep12_b127,B,n,38
788,SPPep12_b127,B,n,39
789,SPPep12_b127,B,n,40
790,SPPep12_b127,B,n,41
791,SPPep12_b127,B,n,42
792,SPPep12_b127,B,n,43
793,SPPep12_b127,B,n,44
794,SPPep12_b127,B,n,45
795,SPPep12_b127,B,n,46
796,SPPep12_b127,B,n,47
797,SPPep12_b127,B,n,48
798,SPPep12_b127,B,n,49
799,SPPep12_b127,B,n,50
800,SPPep12_b127,B,n,51
801,SPPep12_b127,B,n,52
802,SPPep12_b127,B,n,53
803,SPPep12_b127,B,n,54
804,SPPep12_b127,B,n,55
805,SPPep12_b127,B,n,56
806,SPPep12_b127,B,n,57
807,SPPep12_b127,B,n,58
808,SPPep12_b127,B,n,59
809,SPPep12_b127,B,n,60
810,SPPep12_b127,B,n,61
811,SPPep12_b127,B,n,62
812,SPPep12_b127,B,n,63
813,SPPep12_b127,B,n,64
814,SPPep12_b127,B,n,65
815,SPPep12_b127,B,n,66
816,SPPep12_b127,B,n,67
817,SPPep12_b127,B,n,68
818,SPPep12_b127,B,n,69
819,SPPep12_b127,B,n,70
820,SPPep12_b127,B,n,71
821,SPPep12_b127,B,n,72
822,SPPep12_b127,B,n,73
823,SPPep12_b127,B,n,74
824,SPPep12_b127,B,n,75
825,PPep12_b24_I,B,i,1
826,PPep12_b24_I,B,i,2
827,PPep12_b24_I,B,i,3
828,PPep12_b24_I,B,i,4
829,PPep12_b24_I,B,i,5
830,PPep12_b24_I,B,i,6
831,PPep12_b24_I,B,i,7
832,PPep12_b24_I,B,i,8
833,PPep12_b24_I,B,i,9
834,PPep12_b24_I,B,i,10
835,PPep12_b24_I,B,i,11
836,PPep12_b24_I,B,i,12
837,PPep12_b24_I,B,i,13
838,PPep12_b24_I,B,i,14
839,PPep12_b24_I,B,i,15
840,PPep12_b24_I,B,i,16
841,PPep12_b24_I,B,i,17
842,PPep12_b24_I,B,i,18
843,PPep12_b24_I,B,i,19
844,PPep12_b24_I,B,i,20
845,PPep12_b24_I,B,i,21
846,PPep12_b24_I,B,i,22
847,PPep12_b24_I,B,i,23
848,PPep12_b24_I,B,i,24
849,PPep12_b24_I,B,i,25
850,PPep12_b24_I,B,i,26
851,PPep12_b24_I,B,i,27
852,PPep12_b24_I,B,i,28
853,PPep12_b24_I,B,i,29
854,PPep12_b24_I,B,i,30
855,PPep12_b24_I,B,i,31
856,PPep12_b24_I,B,i,32
857,PPep12_b24_I,B,i,33
858,PPep12_b24_I,B,i,34
859,PPep12_b24_I,B,i,35
860,PPep12_b24_I,B,i,36
861,PPep12_b24_I,B,i,37
862,PPep12_b24_I,B,i,38
863,PPep12_b24_I,B,i,39
864,PPep12_b24_I,B,i,40
865,PPep12_b24_I,B,i,41
866,PPep12_b24_I,B,i,42
867,PPep12_b24_I,B,i,43
868,PPep12_b24_I,B,i,44
869,PPep12_b24_I,B,i,45
870,PPep12_b24_I,B,i,46
871,PPep12_b24_I,B,i,47
872,PPep12_b24_I,B,i,48
873,PPep12_b24_I,B,i,49
874,PPep12_b24_I,B,i,50
875,PPep12_b24_I,B,i,51
876,PPep12_b24_I,B,i,52
877,PPep12_b24_I,B,i,53
878,PPep12_b24_I,B,i,54
879,PPep12_b24_I,B,i,55
880,PPep12_b24_I,B,i,56
881,PPep12_b24_I,B,i,57
882,PPep12_b24_I,B,i,58
883,PPep12_b24_I,B,i,59
884,PPep12_b24_I,B,i,60
885,PPep12_b24_I,B,i,61
886,PPep12_b24_I,B,i,62
887,PPep12_b24_I,B,i,63
888,PPep12_b24_I,B,i,64
889,PPep12_b24_I,B,i,65
890,PPep12_b24_I,B,i,66
891,PPep12_b24_I,B,i,67
892,PPep12_b24_I,B,i,68
893,PPep12_b24_I,B,i,69
894,PPep12_b24_I,B,i,70
895,PPep12_b24_I,B,i,71
896,PPep12_b24_I,B,i,72
897,PPep12_b24_I,B,i,73
898,PPep12_b24_I,B,i,74
899,PPep12_b24_I,B,i,75
900,PPep12_b10_I,B,i,1
901,PPep12_b10_I,B,i,2
902,PPep12_b10_I,B,i,3
903,PPep12_b10_I,B,i,4
904,PPep12_b10_I,B,i,5
905,PPep12_b10_I,B,i,6
906,PPep12_b10_I,B,i,7
907,PPep12_b10_I,B,i,8
908,PPep12_b10_I,B,i,9
909,PPep12_b10_I,B,i,10
910,PPep12_b10_I,B,i,11
911,PPep12_b10_I,B,i,12
912,PPep12_b10_I,B,i,13
913,PPep12_b10_I,B,i,14
914,PPep12_b10_I,B,i,15
915,PPep12_b10_I,B,i,16
916,PPep12_b10_I,B,i,17
917,PPep12_b10_I,B,i,18
918,PPep12_b10_I,B,i,19
919,PPep12_b10_I,B,i,20
920,PPep12_b10_I,B,i,21
921,PPep12_b10_I,B,i,22
922,PPep12_b10_I,B,i,23
923,PPep12_b10_I,B,i,24
924,PPep12_b10_I,B,i,25
925,PPep12_b10_I,B,i,26
926,PPep12_b10_I,B,i,27
927,PPep12_b10_I,B,i,28
928,PPep12_b10_I,B,i,29
929,PPep12_b10_I,B,i,30
930,PPep12_b10_I,B,i,31
931,PPep12_b10_I,B,i,32
932,PPep12_b10_I,B,i,33
933,PPep12_b10_I,B,i,34
934,PPep12_b10_I,B,i,35
935,PPep12_b10_I,B,i,36
936,PPep12_b10_I,B,i,37
937,PPep12_b10_I,B,i,38
938,PPep12_b10_I,B,i,39
939,PPep12_b10_I,B,i,40
940,PPep12_b10_I,B,i,41
941,PPep12_b10_I,B,i,42
942,PPep12_b10_I,B,i,43
943,PPep12_b10_I,B,i,44
944,PPep12_b10_I,B,i,45
945,PPep12_b10_I,B,i,46
946,PPep12_b10_I,B,i,47
947,PPep12_b10_I,B,i,48
948,PPep12_b10_I,B,i,49
949,PPep12_b10_I,B,i,50
950,PPep12_b10_I,B,i,51
951,PPep12_b10_I,B,i,52
952,PPep12_b10_I,B,i,53
953,PPep12_b10_I,B,i,54
954,PPep12_b10_I,B,i,55
955,PPep12_b10_I,B,i,56
956,PPep12_b10_I,B,i,57
957,PPep12_b10_I,B,i,58
958,PPep12_b10_I,B,i,59
959,PPep12_b10_I,B,i,60
960,PPep12_b10_I,B,i,61
961,PPep12_b10_I,B,i,62
962,PPep12_b10_I,B,i,63
963,PPep12_b10_I,B,i,64
964,PPep12_b10_I,B,i,65
965,PPep12_b10_I,B,i,66
966,PPep12_b10_I,B,i,67
967,PPep12_b10_I,B,i,68
968,PPep12_b10_I,B,i,69
969,PPep12_b10_I,B,i,70
970,PPep12_b10_I,B,i,71
971,PPep12_b10_I,B,i,72
972,PPep12_b10_I,B,i,73
973,PPep12_b10_I,B,i,74
974,PPep12_b10_I,B,i,75
975,PPep12_b21_I,B,i,1
976,PPep12_b21_I,B,i,2
977,PPep12_b21_I,B,i,3
978,PPep12_b21_I,B,i,4
979,PPep12_b21_I,B,i,5
980,PPep12_b21_I,B,i,6
981,PPep12_b21_I,B,i,7
982,PPep12_b21_I,B,i,8
983,PPep12_b21_I,B,i,9
984,PPep12_b21_I,B,i,10
985,PPep12_b21_I,B,i,11
986,PPep12_b21_I,B,i,12
987,PPep12_b21_I,B,i,13
988,PPep12_b21_I,B,i,14
989,PPep12_b21_I,B,i,15
990,PPep12_b21_I,B,i,16
991,PPep12_b21_I,B,i,17
992,PPep12_b21_I,B,i,18
993,PPep12_b21_I,B,i,19
994,PPep12_b21_I,B,i,20
995,PPep12_b21_I,B,i,21
996,PPep12_b21_I,B,i,22
997,PPep12_b21_I,B,i,23
998,PPep12_b21_I,B,i,24
999,PPep12_b21_I,B,i,25
1000,PPep12_b21_I,B,i,26
1001,PPep12_b21_I,B,i,27
1002,PPep12_b21_I,B,i,28
1003,PPep12_b21_I,B,i,29
1004,PPep12_b21_I,B,i,30
1005,PPep12_b21_I,B,i,31
1006,PPep12_b21_I,B,i,32
1007,PPep12_b21_I,B,i,33
1008,PPep12_b21_I,B,i,34
1009,PPep12_b21_I,B,i,35
1010,PPep12_b21_I,B,i,36
1011,PPep12_b21_I,B,i,37
1012,PPep12_b21_I,B,i,38
1013,PPep12_b21_I,B,i,39
1014,PPep12_b21_I,B,i,40
1015,PPep12_b21_I,B,i,41
1016,PPep12_b21_I,B,i,42
1017,PPep12_b21_I,B,i,43
1018,PPep12_b21_I,B,i,44
1019,PPep12_b21_I,B,i,45
1020,PPep12_b21_I,B,i,46
1021,PPep12_b21_I,B,i,47
1022,PPep12_b21_I,B,i,48
1023,PPep12_b21_I,B,i,49
1024,PPep12_b21_I,B,i,50
1025,PPep12_b21_I,B,i,51
1026,PPep12_b21_I,B,i,52
1027,PPep12_b21_I,B,i,53
1028,PPep12_b21_I,B,i,54
1029,PPep12_b21_I,B,i,55
1030,PPep12_b21_I,B,i,56
1031,PPep12_b21_I,B,i,57
1032,PPep12_b21_I,B,i,58
1033,PPep12_b21_I,B,i,59
1034,PPep12_b21_I,B,i,60
1035,PPep12_b21_I,B,i,61
1036,PPep12_b21_I,B,i,62
1037,PPep12_b21_I,B,i,63
1038,PPep12_b21_I,B,i,64
1039,PPep12_b21_I,B,i,65
1040,PPep12_b21_I,B,i,66
1041,PPep12_b21_I,B,i,67
1042,PPep12_b21_I,B,i,68
1043,PPep12_b21_I,B,i,69
1044,PPep12_b21_I,B,i,70
1045,PPep12_b21_I,B,i,71
1046,PPep12_b21_I,B,i,72
1047,PPep12_b21_I,B,i,73
1048,PPep12_b21_I,B,i,74
1049,PPep12_b21_I,B,i,75
1050,SPPep12_b103,B,n,1
1051,SPPep12_b103,B,n,2
1052,SPPep12_b103,B,n,3
1053,SPPep12_b103,B,n,4
1054,SPPep12_b103,B,n,5
1055,SPPep12_b103,B,n,6
1056,SPPep12_b103,B,n,7
1057,SPPep12_b103,B,n,8
1058,SPPep12_b103,B,n,9
1059,SPPep12_b103,B,n,10
1060,SPPep12_b103,B,n,11
1061,SPPep12_b103,B,n,12
1062,SPPep12_b103,B,n,13
1063,SPPep12_b103,B,n,14
1064,SPPep12_b103,B,n,15
1065,SPPep12_b103,B,n,16
1066,SPPep12_b103,B,n,17
1067,SPPep12_b103,B,n,18
1068,SPPep12_b103,B,n,19
1069,SPPep12_b103,B,n,20
1070,SPPep12_b103,B,n,21
1071,SPPep12_b103,B,n,22
1072,SPPep12_b103,B,n,23
1073,SPPep12_b103,B,n,24
1074,SPPep12_b103,B,n,25
1075,SPPep12_b103,B,n,26
1076,SPPep12_b103,B,n,27
1077,SPPep12_b103,B,n,28
1078,SPPep12_b103,B,n,29
1079,SPPep12_b103,B,n,30
1080,SPPep12_b103,B,n,31
1081,SPPep12_b103,B,n,32
1082,SPPep12_b103,B,n,33
1083,SPPep12_b103,B,n,34
1084,SPPep12_b103,B,n,35
1085,SPPep12_b103,B,n,36
1086,SPPep12_b103,B,n,37
1087,SPPep12_b103,B,n,38
1088,SPPep12_b103,B,n,39
1089,SPPep12_b103,B,n,40
1090,SPPep12_b103,B,n,41
1091,SPPep12_b103,B,n,42
1092,SPPep12_b103,B,n,43
1093,SPPep12_b103,B,n,44
1094,SPPep12_b103,B,n,45
1095,SPPep12_b103,B,n,46
1096,SPPep12_b103,B,n,47
1097,SPPep12_b103,B,n,48
1098,SPPep12_b103,B,n,49
1099,SPPep12_b103,B,n,50
1100,SPPep12_b103,B,n,51
1101,SPPep12_b103,B,n,52
1102,SPPep12_b103,B,n,53
1103,SPPep12_b103,B,n,54
1104,SPPep12_b103,B,n,55
1105,SPPep12_b103,B,n,56
1106,SPPep12_b103,B,n,57
1107,SPPep12_b103,B,n,58
1108,SPPep12_b103,B,n,59
1109,SPPep12_b103,B,n,60
1110,SPPep12_b103,B,n,61
1111,SPPep12_b103,B,n,62
1112,SPPep12_b103,B,n,63
1113,SPPep12_b103,B,n,64
1114,SPPep12_b103,B,n,65
1115,SPPep12_b103,B,n,66
1116,SPPep12_b103,B,n,67
1117,SPPep12_b103,B,n,68
1118,SPPep12_b103,B,n,69
1119,SPPep12_b103,B,n,70
1120,SPPep12_b103,B,n,71
1121,SPPep12_b103,B,n,72
1122,SPPep12_b103,B,n,73
1123,SPPep12_b103,B,n,74
1124,SPPep12_b103,B,n,75
1125,SPPep12_b111,B,n,1
1126,SPPep12_b111,B,n,2
1127,SPPep12_b111,B,n,3
1128,SPPep12_b111,B,n,4
1129,SPPep12_b111,B,n,5
1130,SPPep12_b111,B,n,6
1131,SPPep12_b111,B,n,7
1132,SPPep12_b111,B,n,8
1133,SPPep12_b111,B,n,9
1134,SPPep12_b111,B,n,10
1135,SPPep12_b111,B,n,11
1136,SPPep12_b111,B,n,12
1137,SPPep12_b111,B,n,13
1138,SPPep12_b111,B,n,14
1139,SPPep12_b111,B,n,15
1140,SPPep12_b111,B,n,16
1141,SPPep12_b111,B,n,17
1142,SPPep12_b111,B,n,18
1143,SPPep12_b111,B,n,19
1144,SPPep12_b111,B,n,20
1145,SPPep12_b111,B,n,21
1146,SPPep12_b111,B,n,22
1147,SPPep12_b111,B,n,23
1148,SPPep12_b111,B,n,24
1149,SPPep12_b111,B,n,25
1150,SPPep12_b111,B,n,26
1151,SPPep12_b111,B,n,27
1152,SPPep12_b111,B,n,28
1153,SPPep12_b111,B,n,29
1154,SPPep12_b111,B,n,30
1155,SPPep12_b111,B,n,31
1156,SPPep12_b111,B,n,32
1157,SPPep12_b111,B,n,33
1158,SPPep12_b111,B,n,34
1159,SPPep12_b111,B,n,35
1160,SPPep12_b111,B,n,36
1161,SPPep12_b111,B,n,37
1162,SPPep12_b111,B,n,38
1163,SPPep12_b111,B,n,39
1164,SPPep12_b111,B,n,40
1165,SPPep12_b111,B,n,41
1166,SPPep12_b111,B,n,42
1167,SPPep12_b111,B,n,43
1168,SPPep12_b111,B,n,44
1169,SPPep12_b111,B,n,45
1170,SPPep12_b111,B,n,46
1171,SPPep12_b111,B,n,47
1172,SPPep12_b111,B,n,48
1173,SPPep12_b111,B,n,49
1174,SPPep12_b111,B,n,50
1175,SPPep12_b111,B,n,51
1176,SPPep12_b111,B,n,52
1177,SPPep12_b111,B,n,53
1178,SPPep12_b111,B,n,54
1179,SPPep12_b111,B,n,55
1180,SPPep12_b111,B,n,56
1181,SPPep12_b111,B,n,57
1182,SPPep12_b111,B,n,58
1183,SPPep12_b111,B,n,59
1184,SPPep12_b111,B,n,60
1185,SPPep12_b111,B,n,61
1186,SPPep12_b111,B,n,62
1187,SPPep12_b111,B,n,63
1188,SPPep12_b111,B,n,64
1189,SPPep12_b111,B,n,65
1190,SPPep12_b111,B,n,66
1191,SPPep12_b111,B,n,67
1192,SPPep12_b111,B,n,68
1193,SPPep12_b111,B,n,69
1194,SPPep12_b111,B,n,70
1195,SPPep12_b111,B,n,71
1196,SPPep12_b111,B,n,72
1197,SPPep12_b111,B,n,73
1198,SPPep12_b111,B,n,74
1199,SPPep12_b111,B,n,75
1200,PPep12_b68_I,B,i,1
1201,PPep12_b68_I,B,i,2
1202,PPep12_b68_I,B,i,3
1203,PPep12_b68_I,B,i,4
1204,PPep12_b68_I,B,i,5
1205,PPep12_b68_I,B,i,6
1206,PPep12_b68_I,B,i,7
1207,PPep12_b68_I,B,i,8
1208,PPep12_b68_I,B,i,9
1209,PPep12_b68_I,B,i,10
1210,PPep12_b68_I,B,i,11
1211,PPep12_b68_I,B,i,12
1212,PPep12_b68_I,B,i,13
1213,PPep12_b68_I,B,i,14
1214,PPep12_b68_I,B,i,15
1215,PPep12_b68_I,B,i,16
1216,PPep12_b68_I,B,i,17
1217,PPep12_b68_I,B,i,18
1218,PPep12_b68_I,B,i,19
1219,PPep12_b68_I,B,i,20
1220,PPep12_b68_I,B,i,21
1221,PPep12_b68_I,B,i,22
1222,PPep12_b68_I,B,i,23
1223,PPep12_b68_I,B,i,24
1224,PPep12_b68_I,B,i,25
1225,PPep12_b68_I,B,i,26
1226,PPep12_b68_I,B,i,27
1227,PPep12_b68_I,B,i,28
1228,PPep12_b68_I,B,i,29
1229,PPep12_b68_I,B,i,30
1230,PPep12_b68_I,B,i,31
1231,PPep12_b68_I,B,i,32
1232,PPep12_b68_I,B,i,33
1233,PPep12_b68_I,B,i,34
1234,PPep12_b68_I,B,i,35
1235,PPep12_b68_I,B,i,36
1236,PPep12_b68_I,B,i,37
1237,PPep12_b68_I,B,i,38
1238,PPep12_b68_I,B,i,39
1239,PPep12_b68_I,B,i,40
1240,PPep12_b68_I,B,i,41
1241,PPep12_b68_I,B,i,42
1242,PPep12_b68_I,B,i,43
1243,PPep12_b68_I,B,i,44
1244,PPep12_b68_I,B,i,45
1245,PPep12_b68_I,B,i,46
1246,PPep12_b68_I,B,i,47
1247,PPep12_b68_I,B,i,48
1248,PPep12_b68_I,B,i,49
1249,PPep12_b68_I,B,i,50
1250,PPep12_b68_I,B,i,51
1251,PPep12_b68_I,B,i,52
1252,PPep12_b68_I,B,i,53
1253,PPep12_b68_I,B,i,54
1254,PPep12_b68_I,B,i,55
1255,PPep12_b68_I,B,i,56
1256,PPep12_b68_I,B,i,57
1257,PPep12_b68_I,B,i,58
1258,PPep12_b68_I,B,i,59
1259,PPep12_b68_I,B,i,60
1260,PPep12_b68_I,B,i,61
1261,PPep12_b68_I,B,i,62
1262,PPep12_b68_I,B,i,63
1263,PPep12_b68_I,B,i,64
1264,PPep12_b68_I,B,i,65
1265,PPep12_b68_I,B,i,66
1266,PPep12_b68_I,B,i,67
1267,PPep12_b68_I,B,i,68
1268,PPep12_b68_I,B,i,69
1269,PPep12_b68_I,B,i,70
1270,PPep12_b68_I,B,i,71
1271,PPep12_b68_I,B,i,72
1272,PPep12_b68_I,B,i,73
1273,PPep12_b68_I,B,i,74
1274,PPep12_b68_I,B,i,75
1275,PPep12_b123_I,B,i,1
1276,PPep12_b123_I,B,i,2
1277,PPep12_b123_I,B,i,3
1278,PPep12_b123_I,B,i,4
1279,PPep12_b123_I,B,i,5
1280,PPep12_b123_I,B,i,6
1281,PPep12_b123_I,B,i,7
1282,PPep12_b123_I,B,i,8
1283,PPep12_b123_I,B,i,9
1284,PPep12_b123_I,B,i,10
1285,PPep12_b123_I,B,i,11
1286,PPep12_b123_I,B,i,12
1287,PPep12_b123_I,B,i,13
1288,PPep12_b123_I,B,i,14
1289,PPep12_b123_I,B,i,15
1290,PPep12_b123_I,B,i,16
1291,PPep12_b123_I,B,i,17
1292,PPep12_b123_I,B,i,18
1293,PPep12_b123_I,B,i,19
1294,PPep12_b123_I,B,i,20
1295,PPep12_b123_I,B,i,21
1296,PPep12_b123_I,B,i,22
1297,PPep12_b123_I,B,i,23
1298,PPep12_b123_I,B,i,24
1299,PPep12_b123_I,B,i,25
1300,PPep12_b123_I,B,i,26
1301,PPep12_b123_I,B,i,27
1302,PPep12_b123_I,B,i,28
1303,PPep12_b123_I,B,i,29
1304,PPep12_b123_I,B,i,30
1305,PPep12_b123_I,B,i,31
1306,PPep12_b123_I,B,i,32
1307,PPep12_b123_I,B,i,33
1308,PPep12_b123_I,B,i,34
1309,PPep12_b123_I,B,i,35
1310,PPep12_b123_I,B,i,36
1311,PPep12_b123_I,B,i,37
1312,PPep12_b123_I,B,i,38
1313,PPep12_b123_I,B,i,39
1314,PPep12_b123_I,B,i,40
1315,PPep12_b123_I,B,i,41
1316,PPep12_b123_I,B,i,42
1317,PPep12_b123_I,B,i,43
1318,PPep12_b123_I,B,i,44
1319,PPep12_b123_I,B,i,45
1320,PPep12_b123_I,B,i,46
1321,PPep12_b123_I,B,i,47
1322,PPep12_b123_I,B,i,48
1323,PPep12_b123_I,B,i,49
1324,PPep12_b123_I,B,i,50
1325,PPep12_b123_I,B,i,51
1326,PPep12_b123_I,B,i,52
1327,PPep12_b123_I,B,i,53
1328,PPep12_b123_I,B,i,54
1329,PPep12_b123_I,B,i,55
1330,PPep12_b123_I,B,i,56
1331,PPep12_b123_I,B,i,57
1332,PPep12_b123_I,B,i,58
1333,PPep12_b123_I,B,i,59
1334,PPep12_b123_I,B,i,60
1335,PPep12_b123_I,B,i,61
1336,PPep12_b123_I,B,i,62
1337,PPep12_b123_I,B,i,63
1338,PPep12_b123_I,B,i,64
1339,PPep12_b123_I,B,i,65
1340,PPep12_b123_I,B,i,66
1341,PPep12_b123_I,B,i,67
1342,PPep12_b123_I,B,i,68
1343,PPep12_b123_I,B,i,69
1344,PPep12_b123_I,B,i,70
1345,PPep12_b123_I,B,i,71
1346,PPep12_b123_I,B,i,72
1347,PPep12_b123_I,B,i,73
1348,PPep12_b123_I,B,i,74
1349,PPep12_b123_I,B,i,75
1350,SPPep12_b43,B,n,1
1351,SPPep12_b43,B,n,2
1352,SPPep12_b43,B,n,3
1353,SPPep12_b43,B,n,4
1354,SPPep12_b43,B,n,5
1355,SPPep12_b43,B,n,6
1356,SPPep12_b43,B,n,7
1357,SPPep12_b43,B,n,8
1358,SPPep12_b43,B,n,9
1359,SPPep12_b43,B,n,10
1360,SPPep12_b43,B,n,11
1361,SPPep12_b43,B,n,12
1362,SPPep12_b43,B,n,13
1363,SPPep12_b43,B,n,14
1364,SPPep12_b43,B,n,15
1365,SPPep12_b43,B,n,16
1366,SPPep12_b43,B,n,17
1367,SPPep12_b43,B,n,18
1368,SPPep12_b43,B,n,19
1369,SPPep12_b43,B,n,20
1370,SPPep12_b43,B,n,21
1371,SPPep12_b43,B,n,22
1372,SPPep12_b43,B,n,23
1373,SPPep12_b43,B,n,24
1374,SPPep12_b43,B,n,25
1375,SPPep12_b43,B,n,26
1376,SPPep12_b43,B,n,27
1377,SPPep12_b43,B,n,28
1378,SPPep12_b43,B,n,29
1379,SPPep12_b43,B,n,30
1380,SPPep12_b43,B,n,31
1381,SPPep12_b43,B,n,32
1382,SPPep12_b43,B,n,33
1383,SPPep12_b43,B,n,34
1384,SPPep12_b43,B,n,35
1385,SPPep12_b43,B,n,36
1386,SPPep12_b43,B,n,37
1387,SPPep12_b43,B,n,38
1388,SPPep12_b43,B,n,39
1389,SPPep12_b43,B,n,40
1390,SPPep12_b43,B,n,41
1391,SPPep12_b43,B,n,42
1392,SPPep12_b43,B,n,43
1393,SPPep12_b43,B,n,44
1394,SPPep12_b43,B,n,45
1395,SPPep12_b43,B,n,46
1396,SPPep12_b43,B,n,47
1397,SPPep12_b43,B,n,48
1398,SPPep12_b43,B,n,49
1399,SPPep12_b43,B,n,50
1400,SPPep12_b43,B,n,51
1401,SPPep12_b43,B,n,52
1402,SPPep12_b43,B,n,53
1403,SPPep12_b43,B,n,54
1404,SPPep12_b43,B,n,55
1405,SPPep12_b43,B,n,56
1406,SPPep12_b43,B,n,57
1407,SPPep12_b43,B,n,58
1408,SPPep12_b43,B,n,59
1409,SPPep12_b43,B,n,60
1410,SPPep12_b43,B,n,61
1411,SPPep12_b43,B,n,62
1412,SPPep12_b43,B,n,63
1413,SPPep12_b43,B,n,64
1414,SPPep12_b43,B,n,65
1415,SPPep12_b43,B,n,66
1416,SPPep12_b43,B,n,67
1417,SPPep12_b43,B,n,68
1418,SPPep12_b43,B,n,69
1419,SPPep12_b43,B,n,70
1420,SPPep12_b43,B,n,71
1421,SPPep12_b43,B,n,72
1422,SPPep12_b43,B,n,73
1423,SPPep12_b43,B,n,74
1424,SPPep12_b43,B,n,75
1425,SPPep12_b107,B,n,1
1426,SPPep12_b107,B,n,2
1427,SPPep12_b107,B,n,3
1428,SPPep12_b107,B,n,4
1429,SPPep12_b107,B,n,5
1430,SPPep12_b107,B,n,6
1431,SPPep12_b107,B,n,7
1432,SPPep12_b107,B,n,8
1433,SPPep12_b107,B,n,9
1434,SPPep12_b107,B,n,10
1435,SPPep12_b107,B,n,11
1436,SPPep12_b107,B,n,12
1437,SPPep12_b107,B,n,13
1438,SPPep12_b107,B,n,14
1439,SPPep12_b107,B,n,15
1440,SPPep12_b107,B,n,16
1441,SPPep12_b107,B,n,17
1442,SPPep12_b107,B,n,18
1443,SPPep12_b107,B,n,19
1444,SPPep12_b107,B,n,20
1445,SPPep12_b107,B,n,21
1446,SPPep12_b107,B,n,22
1447,SPPep12_b107,B,n,23
1448,SPPep12_b107,B,n,24
1449,SPPep12_b107,B,n,25
1450,SPPep12_b107,B,n,26
1451,SPPep12_b107,B,n,27
1452,SPPep12_b107,B,n,28
1453,SPPep12_b107,B,n,29
1454,SPPep12_b107,B,n,30
1455,SPPep12_b107,B,n,31
1456,SPPep12_b107,B,n,32
1457,SPPep12_b107,B,n,33
1458,SPPep12_b107,B,n,34
1459,SPPep12_b107,B,n,35
1460,SPPep12_b107,B,n,36
1461,SPPep12_b107,B,n,37
1462,SPPep12_b107,B,n,38
1463,SPPep12_b107,B,n,39
1464,SPPep12_b107,B,n,40
1465,SPPep12_b107,B,n,41
1466,SPPep12_b107,B,n,42
1467,SPPep12_b107,B,n,43
1468,SPPep12_b107,B,n,44
1469,SPPep12_b107,B,n,45
1470,SPPep12_b107,B,n,46
1471,SPPep12_b107,B,n,47
1472,SPPep12_b107,B,n,48
1473,SPPep12_b107,B,n,49
1474,SPPep12_b107,B,n,50
1475,SPPep12_b107,B,n,51
1476,SPPep12_b107,B,n,52
1477,SPPep12_b107,B,n,53
1478,SPPep12_b107,B,n,54
1479,SPPep12_b107,B,n,55
1480,SPPep12_b107,B,n,56
1481,SPPep12_b107,B,n,57
1482,SPPep12_b107,B,n,58
1483,SPPep12_b107,B,n,59
1484,SPPep12_b107,B,n,60
1485,SPPep12_b107,B,n,61
1486,SPPep12_b107,B,n,62
1487,SPPep12_b107,B,n,63
1488,SPPep12_b107,B,n,64
1489,SPPep12_b107,B,n,65
1490,SPPep12_b107,B,n,66
1491,SPPep12_b107,B,n,67
1492,SPPep12_b107,B,n,68
1493,SPPep12_b107,B,n,69
1494,SPPep12_b107,B,n,70
1495,SPPep12_b107,B,n,71
1496,SPPep12_b107,B,n,72
1497,SPPep12_b107,B,n,73
1498,SPPep12_b107,B,n,74
1499,SPPep12_b107,B,n,75
1500,SPPep12_b20,B,n,1
1501,SPPep12_b20,B,n,2
1502,SPPep12_b20,B,n,3
1503,SPPep12_b20,B,n,4
1504,SPPep12_b20,B,n,5
1505,SPPep12_b20,B,n,6
1506,SPPep12_b20,B,n,7
1507,SPPep12_b20,B,n,8
1508,SPPep12_b20,B,n,9
1509,SPPep12_b20,B,n,10
1510,SPPep12_b20,B,n,11
1511,SPPep12_b20,B,n,12
1512,SPPep12_b20,B,n,13
1513,SPPep12_b20,B,n,14
1514,SPPep12_b20,B,n,15
1515,SPPep12_b20,B,n,16
1516,SPPep12_b20,B,n,17
1517,SPPep12_b20,B,n,18
1518,SPPep12_b20,B,n,19
1519,SPPep12_b20,B,n,20
1520,SPPep12_b20,B,n,21
1521,SPPep12_b20,B,n,22
1522,SPPep12_b20,B,n,23
1523,SPPep12_b20,B,n,24
1524,SPPep12_b20,B,n,25
1525,SPPep12_b20,B,n,26
1526,SPPep12_b20,B,n,27
1527,SPPep12_b20,B,n,28
1528,SPPep12_b20,B,n,29
1529,SPPep12_b20,B,n,30
1530,SPPep12_b20,B,n,31
1531,SPPep12_b20,B,n,32
1532,SPPep12_b20,B,n,33
1533,SPPep12_b20,B,n,34
1534,SPPep12_b20,B,n,35
1535,SPPep12_b20,B,n,36
1536,SPPep12_b20,B,n,37
1537,SPPep12_b20,B,n,38
1538,SPPep12_b20,B,n,39
1539,SPPep12_b20,B,n,40
1540,SPPep12_b20,B,n,41
1541,SPPep12_b20,B,n,42
1542,SPPep12_b20,B,n,43
1543,SPPep12_b20,B,n,44
1544,SPPep12_b20,B,n,45
1545,SPPep12_b20,B,n,46
1546,SPPep12_b20,B,n,47
1547,SPPep12_b20,B,n,48
1548,SPPep12_b20,B,n,49
1549,SPPep12_b20,B,n,50
1550,SPPep12_b20,B,n,51
1551,SPPep12_b20,B,n,52
1552,SPPep12_b20,B,n,53
1553,SPPep12_b20,B,n,54
1554,SPPep12_b20,B,n,55
1555,SPPep12_b20,B,n,56
1556,SPPep12_b20,B,n,57
1557,SPPep12_b20,B,n,58
1558,SPPep12_b20,B,n,59
1559,SPPep12_b20,B,n,60
1560,SPPep12_b20,B,n,61
1561,SPPep12_b20,B,n,62
1562,SPPep12_b20,B,n,63
1563,SPPep12_b20,B,n,64
1564,SPPep12_b20,B,n,65
1565,SPPep12_b20,B,n,66
1566,SPPep12_b20,B,n,67
1567,SPPep12_b20,B,n,68
1568,SPPep12_b20,B,n,69
1569,SPPep12_b20,B,n,70
1570,SPPep12_b20,B,n,71
1571,SPPep12_b20,B,n,72
1572,SPPep12_b20,B,n,73
1573,SPPep12_b20,B,n,74
1574,SPPep12_b20,B,n,75
1575,SPPep12_b37,B,n,1
1576,SPPep12_b37,B,n,2
1577,SPPep12_b37,B,n,3
1578,SPPep12_b37,B,n,4
1579,SPPep12_b37,B,n,5
1580,SPPep12_b37,B,n,6
1581,SPPep12_b37,B,n,7
1582,SPPep12_b37,B,n,8
1583,SPPep12_b37,B,n,9
1584,SPPep12_b37,B,n,10
1585,SPPep12_b37,B,n,11
1586,SPPep12_b37,B,n,12
1587,SPPep12_b37,B,n,13
1588,SPPep12_b37,B,n,14
1589,SPPep12_b37,B,n,15
1590,SPPep12_b37,B,n,16
1591,SPPep12_b37,B,n,17
1592,SPPep12_b37,B,n,18
1593,SPPep12_b37,B,n,19
1594,SPPep12_b37,B,n,20
1595,SPPep12_b37,B,n,21
1596,SPPep12_b37,B,n,22
1597,SPPep12_b37,B,n,23
1598,SPPep12_b37,B,n,24
1599,SPPep12_b37,B,n,25
1600,SPPep12_b37,B,n,26
1601,SPPep12_b37,B,n,27
1602,SPPep12_b37,B,n,28
1603,SPPep12_b37,B,n,29
1604,SPPep12_b37,B,n,30
1605,SPPep12_b37,B,n,31
1606,SPPep12_b37,B,n,32
1607,SPPep12_b37,B,n,33
1608,SPPep12_b37,B,n,34
1609,SPPep12_b37,B,n,35
1610,SPPep12_b37,B,n,36
1611,SPPep12_b37,B,n,37
1612,SPPep12_b37,B,n,38
1613,SPPep12_b37,B,n,39
1614,SPPep12_b37,B,n,40
1615,SPPep12_b37,B,n,41
1616,SPPep12_b37,B,n,42
1617,SPPep12_b37,B,n,43
1618,SPPep12_b37,B,n,44
1619,SPPep12_b37,B,n,45
1620,SPPep12_b37,B,n,46
1621,SPPep12_b37,B,n,47
1622,SPPep12_b37,B,n,48
1623,SPPep12_b37,B,n,49
1624,SPPep12_b37,B,n,50
1625,SPPep12_b37,B,n,51
1626,SPPep12_b37,B,n,52
1627,SPPep12_b37,B,n,53
1628,SPPep12_b37,B,n,54
1629,SPPep12_b37,B,n,55
1630,SPPep12_b37,B,n,56
1631,SPPep12_b37,B,n,57
1632,SPPep12_b37,B,n,58
1633,SPPep12_b37,B,n,59
1634,SPPep12_b37,B,n,60
1635,SPPep12_b37,B,n,61
1636,SPPep12_b37,B,n,62
1637,SPPep12_b37,B,n,63
1638,SPPep12_b37,B,n,64
1639,SPPep12_b37,B,n,65
1640,SPPep12_b37,B,n,66
1641,SPPep12_b37,B,n,67
1642,SPPep12_b37,B,n,68
1643,SPPep12_b37,B,n,69
1644,SPPep12_b37,B,n,70
1645,SPPep12_b37,B,n,71
1646,SPPep12_b37,B,n,72
1647,SPPep12_b37,B,n,73
1648,SPPep12_b37,B,n,74
1649,SPPep12_b37,B,n,75
1650,PPep12_b73_I,B,i,1
1651,PPep12_b73_I,B,i,2
1652,PPep12_b73_I,B,i,3
1653,PPep12_b73_I,B,i,4
1654,PPep12_b73_I,B,i,5
1655,PPep12_b73_I,B,i,6
1656,PPep12_b73_I,B,i,7
1657,PPep12_b73_I,B,i,8
1658,PPep12_b73_I,B,i,9
1659,PPep12_b73_I,B,i,10
1660,PPep12_b73_I,B,i,11
1661,PPep12_b73_I,B,i,12
1662,PPep12_b73_I,B,i,13
1663,PPep12_b73_I,B,i,14
1664,PPep12_b73_I,B,i,15
1665,PPep12_b73_I,B,i,16
1666,PPep12_b73_I,B,i,17
1667,PPep12_b73_I,B,i,18
1668,PPep12_b73_I,B,i,19
1669,PPep12_b73_I,B,i,20
1670,PPep12_b73_I,B,i,21
1671,PPep12_b73_I,B,i,22
1672,PPep12_b73_I,B,i,23
1673,PPep12_b73_I,B,i,24
1674,PPep12_b73_I,B,i,25
1675,PPep12_b73_I,B,i,26
1676,PPep12_b73_I,B,i,27
1677,PPep12_b73_I,B,i,28
1678,PPep12_b73_I,B,i,29
1679,PPep12_b73_I,B,i,30
1680,PPep12_b73_I,B,i,31
1681,PPep12_b73_I,B,i,32
1682,PPep12_b73_I,B,i,33
1683,PPep12_b73_I,B,i,34
1684,PPep12_b73_I,B,i,35
1685,PPep12_b73_I,B,i,36
1686,PPep12_b73_I,B,i,37
1687,PPep12_b73_I,B,i,38
1688,PPep12_b73_I,B,i,39
1689,PPep12_b73_I,B,i,40
1690,PPep12_b73_I,B,i,41
1691,PPep12_b73_I,B,i,42
1692,PPep12_b73_I,B,i,43
1693,PPep12_b73_I,B,i,44
1694,PPep12_b73_I,B,i,45
1695,PPep12_b73_I,B,i,46
1696,PPep12_b73_I,B,i,47
1697,PPep12_b73_I,B,i,48
1698,PPep12_b73_I,B,i,49
1699,PPep12_b73_I,B,i,50
1700,PPep12_b73_I,B,i,51
1701,PPep12_b73_I,B,i,52
1702,PPep12_b73_I,B,i,53
1703,PPep12_b73_I,B,i,54
1704,PPep12_b73_I,B,i,55
1705,PPep12_b73_I,B,i,56
1706,PPep12_b73_I,B,i,57
1707,PPep12_b73_I,B,i,58
1708,PPep12_b73_I,B,i,59
1709,PPep12_b73_I,B,i,60
1710,PPep12_b73_I,B,i,61
1711,PPep12_b73_I,B,i,62
1712,PPep12_b73_I,B,i,63
1713,PPep12_b73_I,B,i,64
1714,PPep12_b73_I,B,i,65
1715,PPep12_b73_I,B,i,66
1716,PPep12_b73_I,B,i,67
1717,PPep12_b73_I,B,i,68
1718,PPep12_b73_I,B,i,69
1719,PPep12_b73_I,B,i,70
1720,PPep12_b73_I,B,i,71
1721,PPep12_b73_I,B,i,72
1722,PPep12_b73_I,B,i,73
1723,PPep12_b73_I,B,i,74
1724,PPep12_b73_I,B,i,75
1725,PPep12_b88_I,B,i,1
1726,PPep12_b88_I,B,i,2
1727,PPep12_b88_I,B,i,3
1728,PPep12_b88_I,B,i,4
1729,PPep12_b88_I,B,i,5
1730,PPep12_b88_I,B,i,6
1731,PPep12_b88_I,B,i,7
1732,PPep12_b88_I,B,i,8
1733,PPep12_b88_I,B,i,9
1734,PPep12_b88_I,B,i,10
1735,PPep12_b88_I,B,i,11
1736,PPep12_b88_I,B,i,12
1737,PPep12_b88_I,B,i,13
1738,PPep12_b88_I,B,i,14
1739,PPep12_b88_I,B,i,15
1740,PPep12_b88_I,B,i,16
1741,PPep12_b88_I,B,i,17
1742,PPep12_b88_I,B,i,18
1743,PPep12_b88_I,B,i,19
1744,PPep12_b88_I,B,i,20
1745,PPep12_b88_I,B,i,21
1746,PPep12_b88_I,B,i,22
1747,PPep12_b88_I,B,i,23
1748,PPep12_b88_I,B,i,24
1749,PPep12_b88_I,B,i,25
1750,PPep12_b88_I,B,i,26
1751,PPep12_b88_I,B,i,27
1752,PPep12_b88_I,B,i,28
1753,PPep12_b88_I,B,i,29
1754,PPep12_b88_I,B,i,30
1755,PPep12_b88_I,B,i,31
1756,PPep12_b88_I,B,i,32
1757,PPep12_b88_I,B,i,33
1758,PPep12_b88_I,B,i,34
1759,PPep12_b88_I,B,i,35
1760,PPep12_b88_I,B,i,36
1761,PPep12_b88_I,B,i,37
1762,PPep12_b88_I,B,i,38
1763,PPep12_b88_I,B,i,39
1764,PPep12_b88_I,B,i,40
1765,PPep12_b88_I,B,i,41
1766,PPep12_b88_I,B,i,42
1767,PPep12_b88_I,B,i,43
1768,PPep12_b88_I,B,i,44
1769,PPep12_b88_I,B,i,45
1770,PPep12_b88_I,B,i,46
1771,PPep12_b88_I,B,i,47
1772,PPep12_b88_I,B,i,48
1773,PPep12_b88_I,B,i,49
1774,PPep12_b88_I,B,i,50
1775,PPep12_b88_I,B,i,51
1776,PPep12_b88_I,B,i,52
1777,PPep12_b88_I,B,i,53
1778,PPep12_b88_I,B,i,54
1779,PPep12_b88_I,B,i,55
1780,PPep12_b88_I,B,i,56
1781,PPep12_b88_I,B,i,57
1782,PPep12_b88_I,B,i,58
1783,PPep12_b88_I,B,i,59
1784,PPep12_b88_I,B,i,60
1785,PPep12_b88_I,B,i,61
1786,PPep12_b88_I,B,i,62
1787,PPep12_b88_I,B,i,63
1788,PPep12_b88_I,B,i,64
1789,PPep12_b88_I,B,i,65
1790,PPep12_b88_I,B,i,66
1791,PPep12_b88_I,B,i,67
1792,PPep12_b88_I,B,i,68
1793,PPep12_b88_I,B,i,69
1794,PPep12_b88_I,B,i,70
1795,PPep12_b88_I,B,i,71
1796,PPep12_b88_I,B,i,72
1797,PPep12_b88_I,B,i,73
1798,PPep12_b88_I,B,i,74
1799,PPep12_b88_I,B,i,75
1800,PPep12_b58_I,B,i,1
1801,PPep12_b58_I,B,i,2
1802,PPep12_b58_I,B,i,3
1803,PPep12_b58_I,B,i,4
1804,PPep12_b58_I,B,i,5
1805,PPep12_b58_I,B,i,6
1806,PPep12_b58_I,B,i,7
1807,PPep12_b58_I,B,i,8
1808,PPep12_b58_I,B,i,9
1809,PPep12_b58_I,B,i,10
1810,PPep12_b58_I,B,i,11
1811,PPep12_b58_I,B,i,12
1812,PPep12_b58_I,B,i,13
1813,PPep12_b58_I,B,i,14
1814,PPep12_b58_I,B,i,15
1815,PPep12_b58_I,B,i,16
1816,PPep12_b58_I,B,i,17
1817,PPep12_b58_I,B,i,18
1818,PPep12_b58_I,B,i,19
1819,PPep12_b58_I,B,i,20
1820,PPep12_b58_I,B,i,21
1821,PPep12_b58_I,B,i,22
1822,PPep12_b58_I,B,i,23
1823,PPep12_b58_I,B,i,24
1824,PPep12_b58_I,B,i,25
1825,PPep12_b58_I,B,i,26
1826,PPep12_b58_I,B,i,27
1827,PPep12_b58_I,B,i,28
1828,PPep12_b58_I,B,i,29
1829,PPep12_b58_I,B,i,30
1830,PPep12_b58_I,B,i,31
1831,PPep12_b58_I,B,i,32
1832,PPep12_b58_I,B,i,33
1833,PPep12_b58_I,B,i,34
1834,PPep12_b58_I,B,i,35
1835,PPep12_b58_I,B,i,36
1836,PPep12_b58_I,B,i,37
1837,PPep12_b58_I,B,i,38
1838,PPep12_b58_I,B,i,39
1839,PPep12_b58_I,B,i,40
1840,PPep12_b58_I,B,i,41
1841,PPep12_b58_I,B,i,42
1842,PPep12_b58_I,B,i,43
1843,PPep12_b58_I,B,i,44
1844,PPep12_b58_I,B,i,45
1845,PPep12_b58_I,B,i,46
1846,PPep12_b58_I,B,i,47
1847,PPep12_b58_I,B,i,48
1848,PPep12_b58_I,B,i,49
1849,PPep12_b58_I,B,i,50
1850,PPep12_b58_I,B,i,51
1851,PPep12_b58_I,B,i,52
1852,PPep12_b58_I,B,i,53
1853,PPep12_b58_I,B,i,54
1854,PPep12_b58_I,B,i,55
1855,PPep12_b58_I,B,i,56
1856,PPep12_b58_I,B,i,57
1857,PPep12_b58_I,B,i,58
1858,PPep12_b58_I,B,i,59
1859,PPep12_b58_I,B,i,60
1860,PPep12_b58_I,B,i,61
1861,PPep12_b58_I,B,i,62
1862,PPep12_b58_I,B,i,63
1863,PPep12_b58_I,B,i,64
1864,PPep12_b58_I,B,i,65
1865,PPep12_b58_I,B,i,66
1866,PPep12_b58_I,B,i,67
1867,PPep12_b58_I,B,i,68
1868,PPep12_b58_I,B,i,69
1869,PPep12_b58_I,B,i,70
1870,PPep12_b58_I,B,i,71
1871,PPep12_b58_I,B,i,72
1872,PPep12_b58_I,B,i,73
1873,PPep12_b58_I,B,i,74
1874,PPep12_b58_I,B,i,75
1875,PPep12_b90_I,B,i,1
1876,PPep12_b90_I,B,i,2
1877,PPep12_b90_I,B,i,3
1878,PPep12_b90_I,B,i,4
1879,PPep12_b90_I,B,i,5
1880,PPep12_b90_I,B,i,6
1881,PPep12_b90_I,B,i,7
1882,PPep12_b90_I,B,i,8
1883,PPep12_b90_I,B,i,9
1884,PPep12_b90_I,B,i,10
1885,PPep12_b90_I,B,i,11
1886,PPep12_b90_I,B,i,12
1887,PPep12_b90_I,B,i,13
1888,PPep12_b90_I,B,i,14
1889,PPep12_b90_I,B,i,15
1890,PPep12_b90_I,B,i,16
1891,PPep12_b90_I,B,i,17
1892,PPep12_b90_I,B,i,18
1893,PPep12_b90_I,B,i,19
1894,PPep12_b90_I,B,i,20
1895,PPep12_b90_I,B,i,21
1896,PPep12_b90_I,B,i,22
1897,PPep12_b90_I,B,i,23
1898,PPep12_b90_I,B,i,24
1899,PPep12_b90_I,B,i,25
1900,PPep12_b90_I,B,i,26
1901,PPep12_b90_I,B,i,27
1902,PPep12_b90_I,B,i,28
1903,PPep12_b90_I,B,i,29
1904,PPep12_b90_I,B,i,30
1905,PPep12_b90_I,B,i,31
1906,PPep12_b90_I,B,i,32
1907,PPep12_b90_I,B,i,33
1908,PPep12_b90_I,B,i,34
1909,PPep12_b90_I,B,i,35
1910,PPep12_b90_I,B,i,36
1911,PPep12_b90_I,B,i,37
1912,PPep12_b90_I,B,i,38
1913,PPep12_b90_I,B,i,39
1914,PPep12_b90_I,B,i,40
1915,PPep12_b90_I,B,i,41
1916,PPep12_b90_I,B,i,42
1917,PPep12_b90_I,B,i,43
1918,PPep12_b90_I,B,i,44
1919,PPep12_b90_I,B,i,45
1920,PPep12_b90_I,B,i,46
1921,PPep12_b90_I,B,i,47
1922,PPep12_b90_I,B,i,48
1923,PPep12_b90_I,B,i,49
1924,PPep12_b90_I,B,i,50
1925,PPep12_b90_I,B,i,51
1926,PPep12_b90_I,B,i,52
1927,PPep12_b90_I,B,i,53
1928,PPep12_b90_I,B,i,54
1929,PPep12_b90_I,B,i,55
1930,PPep12_b90_I,B,i,56
1931,PPep12_b90_I,B,i,57
1932,PPep12_b90_I,B,i,58
1933,PPep12_b90_I,B,i,59
1934,PPep12_b90_I,B,i,60
1935,PPep12_b90_I,B,i,61
1936,PPep12_b90_I,B,i,62
1937,PPep12_b90_I,B,i,63
1938,PPep12_b90_I,B,i,64
1939,PPep12_b90_I,B,i,65
1940,PPep12_b90_I,B,i,66
1941,PPep12_b90_I,B,i,67
1942,PPep12_b90_I,B,i,68
1943,PPep12_b90_I,B,i,69
1944,PPep12_b90_I,B,i,70
1945,PPep12_b90_I,B,i,71
1946,PPep12_b90_I,B,i,72
1947,PPep12_b90_I,B,i,73
1948,PPep12_b90_I,B,i,74
1949,PPep12_b90_I,B,i,75
1950,SPPep12_b29,B,n,1
1951,SPPep12_b29,B,n,2
1952,SPPep12_b29,B,n,3
1953,SPPep12_b29,B,n,4
1954,SPPep12_b29,B,n,5
1955,SPPep12_b29,B,n,6
1956,SPPep12_b29,B,n,7
1957,SPPep12_b29,B,n,8
1958,SPPep12_b29,B,n,9
1959,SPPep12_b29,B,n,10
1960,SPPep12_b29,B,n,11
1961,SPPep12_b29,B,n,12
1962,SPPep12_b29,B,n,13
1963,SPPep12_b29,B,n,14
1964,SPPep12_b29,B,n,15
1965,SPPep12_b29,B,n,16
1966,SPPep12_b29,B,n,17
1967,SPPep12_b29,B,n,18
1968,SPPep12_b29,B,n,19
1969,SPPep12_b29,B,n,20
1970,SPPep12_b29,B,n,21
1971,SPPep12_b29,B,n,22
1972,SPPep12_b29,B,n,23
1973,SPPep12_b29,B,n,24
1974,SPPep12_b29,B,n,25
1975,SPPep12_b29,B,n,26
1976,SPPep12_b29,B,n,27
1977,SPPep12_b29,B,n,28
1978,SPPep12_b29,B,n,29
1979,SPPep12_b29,B,n,30
1980,SPPep12_b29,B,n,31
1981,SPPep12_b29,B,n,32
1982,SPPep12_b29,B,n,33
1983,SPPep12_b29,B,n,34
1984,SPPep12_b29,B,n,35
1985,SPPep12_b29,B,n,36
1986,SPPep12_b29,B,n,37
1987,SPPep12_b29,B,n,38
1988,SPPep12_b29,B,n,39
1989,SPPep12_b29,B,n,40
1990,SPPep12_b29,B,n,41
1991,SPPep12_b29,B,n,42
1992,SPPep12_b29,B,n,43
1993,SPPep12_b29,B,n,44
1994,SPPep12_b29,B,n,45
1995,SPPep12_b29,B,n,46
1996,SPPep12_b29,B,n,47
1997,SPPep12_b29,B,n,48
1998,SPPep12_b29,B,n,49
1999,SPPep12_b29,B,n,50
2000,SPPep12_b29,B,n,51
2001,SPPep12_b29,B,n,52
2002,SPPep12_b29,B,n,53
2003,SPPep12_b29,B,n,54
2004,SPPep12_b29,B,n,55
2005,SPPep12_b29,B,n,56
2006,SPPep12_b29,B,n,57
2007,SPPep12_b29,B,n,58
2008,SPPep12_b29,B,n,59
2009,SPPep12_b29,B,n,60
2010,SPPep12_b29,B,n,61
2011,SPPep12_b29,B,n,62
2012,SPPep12_b29,B,n,63
2013,SPPep12_b29,B,n,64
2014,SPPep12_b29,B,n,65
2015,SPPep12_b29,B,n,66
2016,SPPep12_b29,B,n,67
2017,SPPep12_b29,B,n,68
2018,SPPep12_b29,B,n,69
2019,SPPep12_b29,B,n,70
2020,SPPep12_b29,B,n,71
2021,SPPep12_b29,B,n,72
2022,SPPep12_b29,B,n,73
2023,SPPep12_b29,B,n,74
2024,SPPep12_b29,B,n,75
2025,SPPep12_b76,B,n,1
2026,SPPep12_b76,B,n,2
2027,SPPep12_b76,B,n,3
2028,SPPep12_b76,B,n,4
2029,SPPep12_b76,B,n,5
2030,SPPep12_b76,B,n,6
2031,SPPep12_b76,B,n,7
2032,SPPep12_b76,B,n,8
2033,SPPep12_b76,B,n,9
2034,SPPep12_b76,B,n,10
2035,SPPep12_b76,B,n,11
2036,SPPep12_b76,B,n,12
2037,SPPep12_b76,B,n,13
2038,SPPep12_b76,B,n,14
2039,SPPep12_b76,B,n,15
2040,SPPep12_b76,B,n,16
2041,SPPep12_b76,B,n,17
2042,SPPep12_b76,B,n,18
2043,SPPep12_b76,B,n,19
2044,SPPep12_b76,B,n,20
2045,SPPep12_b76,B,n,21
2046,SPPep12_b76,B,n,22
2047,SPPep12_b76,B,n,23
2048,SPPep12_b76,B,n,24
2049,SPPep12_b76,B,n,25
2050,SPPep12_b76,B,n,26
2051,SPPep12_b76,B,n,27
2052,SPPep12_b76,B,n,28
2053,SPPep12_b76,B,n,29
2054,SPPep12_b76,B,n,30
2055,SPPep12_b76,B,n,31
2056,SPPep12_b76,B,n,32
2057,SPPep12_b76,B,n,33
2058,SPPep12_b76,B,n,34
2059,SPPep12_b76,B,n,35
2060,SPPep12_b76,B,n,36
2061,SPPep12_b76,B,n,37
2062,SPPep12_b76,B,n,38
2063,SPPep12_b76,B,n,39
2064,SPPep12_b76,B,n,40
2065,SPPep12_b76,B,n,41
2066,SPPep12_b76,B,n,42
2067,SPPep12_b76,B,n,43
2068,SPPep12_b76,B,n,44
2069,SPPep12_b76,B,n,45
2070,SPPep12_b76,B,n,46
2071,SPPep12_b76,B,n,47
2072,SPPep12_b76,B,n,48
2073,SPPep12_b76,B,n,49
2074,SPPep12_b76,B,n,50
2075,SPPep12_b76,B,n,51
2076,SPPep12_b76,B,n,52
2077,SPPep12_b76,B,n,53
2078,SPPep12_b76,B,n,54
2079,SPPep12_b76,B,n,55
2080,SPPep12_b76,B,n,56
2081,SPPep12_b76,B,n,57
2082,SPPep12_b76,B,n,58
2083,SPPep12_b76,B,n,59
2084,SPPep12_b76,B,n,60
2085,SPPep12_b76,B,n,61
2086,SPPep12_b76,B,n,62
2087,SPPep12_b76,B,n,63
2088,SPPep12_b76,B,n,64
2089,SPPep12_b76,B,n,65
2090,SPPep12_b76,B,n,66
2091,SPPep12_b76,B,n,67
2092,SPPep12_b76,B,n,68
2093,SPPep12_b76,B,n,69
2094,SPPep12_b76,B,n,70
2095,SPPep12_b76,B,n,71
2096,SPPep12_b76,B,n,72
2097,SPPep12_b76,B,n,73
2098,SPPep12_b76,B,n,74
2099,SPPep12_b76,B,n,75
2100,PPep12_b108_I,B,i,1
2101,PPep12_b108_I,B,i,2
2102,PPep12_b108_I,B,i,3
2103,PPep12_b108_I,B,i,4
2104,PPep12_b108_I,B,i,5
2105,PPep12_b108_I,B,i,6
2106,PPep12_b108_I,B,i,7
2107,PPep12_b108_I,B,i,8
2108,PPep12_b108_I,B,i,9
2109,PPep12_b108_I,B,i,10
2110,PPep12_b108_I,B,i,11
2111,PPep12_b108_I,B,i,12
2112,PPep12_b108_I,B,i,13
2113,PPep12_b108_I,B,i,14
2114,PPep12_b108_I,B,i,15
2115,PPep12_b108_I,B,i,16
2116,PPep12_b108_I,B,i,17
2117,PPep12_b108_I,B,i,18
2118,PPep12_b108_I,B,i,19
2119,PPep12_b108_I,B,i,20
2120,PPep12_b108_I,B,i,21
2121,PPep12_b108_I,B,i,22
2122,PPep12_b108_I,B,i,23
2123,PPep12_b108_I,B,i,24
2124,PPep12_b108_I,B,i,25
2125,PPep12_b108_I,B,i,26
2126,PPep12_b108_I,B,i,27
2127,PPep12_b108_I,B,i,28
2128,PPep12_b108_I,B,i,29
2129,PPep12_b108_I,B,i,30
2130,PPep12_b108_I,B,i,31
2131,PPep12_b108_I,B,i,32
2132,PPep12_b108_I,B,i,33
2133,PPep12_b108_I,B,i,34
2134,PPep12_b108_I,B,i,35
2135,PPep12_b108_I,B,i,36
2136,PPep12_b108_I,B,i,37
2137,PPep12_b108_I,B,i,38
2138,PPep12_b108_I,B,i,39
2139,PPep12_b108_I,B,i,40
2140,PPep12_b108_I,B,i,41
2141,PPep12_b108_I,B,i,42
2142,PPep12_b108_I,B,i,43
2143,PPep12_b108_I,B,i,44
2144,PPep12_b108_I,B,i,45
2145,PPep12_b108_I,B,i,46
2146,PPep12_b108_I,B,i,47
2147,PPep12_b108_I,B,i,48
2148,PPep12_b108_I,B,i,49
2149,PPep12_b108_I,B,i,50
2150,PPep12_b108_I,B,i,51
2151,PPep12_b108_I,B,i,52
2152,PPep12_b108_I,B,i,53
2153,PPep12_b108_I,B,i,54
2154,PPep12_b108_I,B,i,55
2155,PPep12_b108_I,B,i,56
2156,PPep12_b108_I,B,i,57
2157,PPep12_b108_I,B,i,58
2158,PPep12_b108_I,B,i,59
2159,PPep12_b108_I,B,i,60
2160,PPep12_b108_I,B,i,61
2161,PPep12_b108_I,B,i,62
2162,PPep12_b108_I,B,i,63
2163,PPep12_b108_I,B,i,64
2164,PPep12_b108_I,B,i,65
2165,PPep12_b108_I,B,i,66
2166,PPep12_b108_I,B,i,67
2167,PPep12_b108_I,B,i,68
2168,PPep12_b108_I,B,i,69
2169,PPep12_b108_I,B,i,70
2170,PPep12_b108_I,B,i,71
2171,PPep12_b108_I,B,i,72
2172,PPep12_b108_I,B,i,73
2173,PPep12_b108_I,B,i,74
2174,PPep12_b108_I,B,i,75
2175,SPPep12_b57,B,n,1
2176,SPPep12_b57,B,n,2
2177,SPPep12_b57,B,n,3
2178,SPPep12_b57,B,n,4
2179,SPPep12_b57,B,n,5
2180,SPPep12_b57,B,n,6
2181,SPPep12_b57,B,n,7
2182,SPPep12_b57,B,n,8
2183,SPPep12_b57,B,n,9
2184,SPPep12_b57,B,n,10
2185,SPPep12_b57,B,n,11
2186,SPPep12_b57,B,n,12
2187,SPPep12_b57,B,n,13
2188,SPPep12_b57,B,n,14
2189,SPPep12_b57,B,n,15
2190,SPPep12_b57,B,n,16
2191,SPPep12_b57,B,n,17
2192,SPPep12_b57,B,n,18
2193,SPPep12_b57,B,n,19
2194,SPPep12_b57,B,n,20
2195,SPPep12_b57,B,n,21
2196,SPPep12_b57,B,n,22
2197,SPPep12_b57,B,n,23
2198,SPPep12_b57,B,n,24
2199,SPPep12_b57,B,n,25
2200,SPPep12_b57,B,n,26
2201,SPPep12_b57,B,n,27
2202,SPPep12_b57,B,n,28
2203,SPPep12_b57,B,n,29
2204,SPPep12_b57,B,n,30
2205,SPPep12_b57,B,n,31
2206,SPPep12_b57,B,n,32
2207,SPPep12_b57,B,n,33
2208,SPPep12_b57,B,n,34
2209,SPPep12_b57,B,n,35
2210,SPPep12_b57,B,n,36
2211,SPPep12_b57,B,n,37
2212,SPPep12_b57,B,n,38
2213,SPPep12_b57,B,n,39
2214,SPPep12_b57,B,n,40
2215,SPPep12_b57,B,n,41
2216,SPPep12_b57,B,n,42
2217,SPPep12_b57,B,n,43
2218,SPPep12_b57,B,n,44
2219,SPPep12_b57,B,n,45
2220,SPPep12_b57,B,n,46
2221,SPPep12_b57,B,n,47
2222,SPPep12_b57,B,n,48
2223,SPPep12_b57,B,n,49
2224,SPPep12_b57,B,n,50
2225,SPPep12_b57,B,n,51
2226,SPPep12_b57,B,n,52
2227,SPPep12_b57,B,n,53
2228,SPPep12_b57,B,n,54
2229,SPPep12_b57,B,n,55
2230,SPPep12_b57,B,n,56
2231,SPPep12_b57,B,n,57
2232,SPPep12_b57,B,n,58
2233,SPPep12_b57,B,n,59
2234,SPPep12_b57,B,n,60
2235,SPPep12_b57,B,n,61
2236,SPPep12_b57,B,n,62
2237,SPPep12_b57,B,n,63
2238,SPPep12_b57,B,n,64
2239,SPPep12_b57,B,n,65
2240,SPPep12_b57,B,n,66
2241,SPPep12_b57,B,n,67
2242,SPPep12_b57,B,n,68
2243,SPPep12_b57,B,n,69
2244,SPPep12_b57,B,n,70
2245,SPPep12_b57,B,n,71
2246,SPPep12_b57,B,n,72
2247,SPPep12_b57,B,n,73
2248,SPPep12_b57,B,n,74
2249,SPPep12_b57,B,n,75
2250,PPep12_b27_I,B,i,1
2251,PPep12_b27_I,B,i,2
2252,PPep12_b27_I,B,i,3
2253,PPep12_b27_I,B,i,4
2254,PPep12_b27_I,B,i,5
2255,PPep12_b27_I,B,i,6
2256,PPep12_b27_I,B,i,7
2257,PPep12_b27_I,B,i,8
2258,PPep12_b27_I,B,i,9
2259,PPep12_b27_I,B,i,10
2260,PPep12_b27_I,B,i,11
2261,PPep12_b27_I,B,i,12
2262,PPep12_b27_I,B,i,13
2263,PPep12_b27_I,B,i,14
2264,PPep12_b27_I,B,i,15
2265,PPep12_b27_I,B,i,16
2266,PPep12_b27_I,B,i,17
2267,PPep12_b27_I,B,i,18
2268,PPep12_b27_I,B,i,19
2269,PPep12_b27_I,B,i,20
2270,PPep12_b27_I,B,i,21
2271,PPep12_b27_I,B,i,22
2272,PPep12_b27_I,B,i,23
2273,PPep12_b27_I,B,i,24
2274,PPep12_b27_I,B,i,25
2275,PPep12_b27_I,B,i,26
2276,PPep12_b27_I,B,i,27
2277,PPep12_b27_I,B,i,28
2278,PPep12_b27_I,B,i,29
2279,PPep12_b27_I,B,i,30
2280,PPep12_b27_I,B,i,31
2281,PPep12_b27_I,B,i,32
2282,PPep12_b27_I,B,i,33
2283,PPep12_b27_I,B,i,34
2284,PPep12_b27_I,B,i,35
2285,PPep12_b27_I,B,i,36
2286,PPep12_b27_I,B,i,37
2287,PPep12_b27_I,B,i,38
2288,PPep12_b27_I,B,i,39
2289,PPep12_b27_I,B,i,40
2290,PPep12_b27_I,B,i,41
2291,PPep12_b27_I,B,i,42
2292,PPep12_b27_I,B,i,43
2293,PPep12_b27_I,B,i,44
2294,PPep12_b27_I,B,i,45
2295,PPep12_b27_I,B,i,46
2296,PPep12_b27_I,B,i,47
2297,PPep12_b27_I,B,i,48
2298,PPep12_b27_I,B,i,49
2299,PPep12_b27_I,B,i,50
2300,PPep12_b27_I,B,i,51
2301,PPep12_b27_I,B,i,52
2302,PPep12_b27_I,B,i,53
2303,PPep12_b27_I,B,i,54
2304,PPep12_b27_I,B,i,55
2305,PPep12_b27_I,B,i,56
2306,PPep12_b27_I,B,i,57
2307,PPep12_b27_I,B,i,58
2308,PPep12_b27_I,B,i,59
2309,PPep12_b27_I,B,i,60
2310,PPep12_b27_I,B,i,61
2311,PPep12_b27_I,B,i,62
2312,PPep12_b27_I,B,i,63
2313,PPep12_b27_I,B,i,64
2314,PPep12_b27_I,B,i,65
2315,PPep12_b27_I,B,i,66
2316,PPep12_b27_I,B,i,67
2317,PPep12_b27_I,B,i,68
2318,PPep12_b27_I,B,i,69
2319,PPep12_b27_I,B,i,70
2320,PPep12_b27_I,B,i,71
2321,PPep12_b27_I,B,i,72
2322,PPep12_b27_I,B,i,73
2323,PPep12_b27_I,B,i,74
2324,PPep12_b27_I,B,i,75
2325,SPPep12_b6,B,n,1
2326,SPPep12_b6,B,n,2
2327,SPPep12_b6,B,n,3
2328,SPPep12_b6,B,n,4
2329,SPPep12_b6,B,n,5
2330,SPPep12_b6,B,n,6
2331,SPPep12_b6,B,n,7
2332,SPPep12_b6,B,n,8
2333,SPPep12_b6,B,n,9
2334,SPPep12_b6,B,n,10
2335,SPPep12_b6,B,n,11
2336,SPPep12_b6,B,n,12
2337,SPPep12_b6,B,n,13
2338,SPPep12_b6,B,n,14
2339,SPPep12_b6,B,n,15
2340,SPPep12_b6,B,n,16
2341,SPPep12_b6,B,n,17
2342,SPPep12_b6,B,n,18
2343,SPPep12_b6,B,n,19
2344,SPPep12_b6,B,n,20
2345,SPPep12_b6,B,n,21
2346,SPPep12_b6,B,n,22
2347,SPPep12_b6,B,n,23
2348,SPPep12_b6,B,n,24
2349,SPPep12_b6,B,n,25
2350,SPPep12_b6,B,n,26
2351,SPPep12_b6,B,n,27
2352,SPPep12_b6,B,n,28
2353,SPPep12_b6,B,n,29
2354,SPPep12_b6,B,n,30
2355,SPPep12_b6,B,n,31
2356,SPPep12_b6,B,n,32
2357,SPPep12_b6,B,n,33
2358,SPPep12_b6,B,n,34
2359,SPPep12_b6,B,n,35
2360,SPPep12_b6,B,n,36
2361,SPPep12_b6,B,n,37
2362,SPPep12_b6,B,n,38
2363,SPPep12_b6,B,n,39
2364,SPPep12_b6,B,n,40
2365,SPPep12_b6,B,n,41
2366,SPPep12_b6,B,n,42
2367,SPPep12_b6,B,n,43
2368,SPPep12_b6,B,n,44
2369,SPPep12_b6,B,n,45
2370,SPPep12_b6,B,n,46
2371,SPPep12_b6,B,n,47
2372,SPPep12_b6,B,n,48
2373,SPPep12_b6,B,n,49
2374,SPPep12_b6,B,n,50
2375,SPPep12_b6,B,n,51
2376,SPPep12_b6,B,n,52
2377,SPPep12_b6,B,n,53
2378,SPPep12_b6,B,n,54
2379,SPPep12_b6,B,n,55
2380,SPPep12_b6,B,n,56
2381,SPPep12_b6,B,n,57
2382,SPPep12_b6,B,n,58
2383,SPPep12_b6,B,n,59
2384,SPPep12_b6,B,n,60
2385,SPPep12_b6,B,n,61
2386,SPPep12_b6,B,n,62
2387,SPPep12_b6,B,n,63
2388,SPPep12_b6,B,n,64
2389,SPPep12_b6,B,n,65
2390,SPPep12_b6,B,n,66
2391,SPPep12_b6,B,n,67
2392,SPPep12_b6,B,n,68
2393,SPPep12_b6,B,n,69
2394,SPPep12_b6,B,n,70
2395,SPPep12_b6,B,n,71
2396,SPPep12_b6,B,n,72
2397,SPPep12_b6,B,n,73
2398,SPPep12_b6,B,n,74
2399,SPPep12_b6,B,n,75
2400,SPPep12_b52,B,n,1
2401,SPPep12_b52,B,n,2
2402,SPPep12_b52,B,n,3
2403,SPPep12_b52,B,n,4
2404,SPPep12_b52,B,n,5
2405,SPPep12_b52,B,n,6
2406,SPPep12_b52,B,n,7
2407,SPPep12_b52,B,n,8
2408,SPPep12_b52,B,n,9
2409,SPPep12_b52,B,n,10
2410,SPPep12_b52,B,n,11
2411,SPPep12_b52,B,n,12
2412,SPPep12_b52,B,n,13
2413,SPPep12_b52,B,n,14
2414,SPPep12_b52,B,n,15
2415,SPPep12_b52,B,n,16
2416,SPPep12_b52,B,n,17
2417,SPPep12_b52,B,n,18
2418,SPPep12_b52,B,n,19
2419,SPPep12_b52,B,n,20
2420,SPPep12_b52,B,n,21
2421,SPPep12_b52,B,n,22
2422,SPPep12_b52,B,n,23
2423,SPPep12_b52,B,n,24
2424,SPPep12_b52,B,n,25
2425,SPPep12_b52,B,n,26
2426,SPPep12_b52,B,n,27
2427,SPPep12_b52,B,n,28
2428,SPPep12_b52,B,n,29
2429,SPPep12_b52,B,n,30
2430,SPPep12_b52,B,n,31
2431,SPPep12_b52,B,n,32
2432,SPPep12_b52,B,n,33
2433,SPPep12_b52,B,n,34
2434,SPPep12_b52,B,n,35
2435,SPPep12_b52,B,n,36
2436,SPPep12_b52,B,n,37
2437,SPPep12_b52,B,n,38
2438,SPPep12_b52,B,n,39
2439,SPPep12_b52,B,n,40
2440,SPPep12_b52,B,n,41
2441,SPPep12_b52,B,n,42
2442,SPPep12_b52,B,n,43
2443,SPPep12_b52,B,n,44
2444,SPPep12_b52,B,n,45
2445,SPPep12_b52,B,n,46
2446,SPPep12_b52,B,n,47
2447,SPPep12_b52,B,n,48
2448,SPPep12_b52,B,n,49
2449,SPPep12_b52,B,n,50
2450,SPPep12_b52,B,n,51
2451,SPPep12_b52,B,n,52
2452,SPPep12_b52,B,n,53
2453,SPPep12_b52,B,n,54
2454,SPPep12_b52,B,n,55
2455,SPPep12_b52,B,n,56
2456,SPPep12_b52,B,n,57
2457,SPPep12_b52,B,n,58
2458,SPPep12_b52,B,n,59
2459,SPPep12_b52,B,n,60
2460,SPPep12_b52,B,n,61
2461,SPPep12_b52,B,n,62
2462,SPPep12_b52,B,n,63
2463,SPPep12_b52,B,n,64
2464,SPPep12_b52,B,n,65
2465,SPPep12_b52,B,n,66
2466,SPPep12_b52,B,n,67
2467,SPPep12_b52,B,n,68
2468,SPPep12_b52,B,n,69
2469,SPPep12_b52,B,n,70
2470,SPPep12_b52,B,n,71
2471,SPPep12_b52,B,n,72
2472,SPPep12_b52,B,n,73
2473,SPPep12_b52,B,n,74
2474,SPPep12_b52,B,n,75
2475,PPep12_b33_I,B,i,1
2476,PPep12_b33_I,B,i,2
2477,PPep12_b33_I,B,i,3
2478,PPep12_b33_I,B,i,4
2479,PPep12_b33_I,B,i,5
2480,PPep12_b33_I,B,i,6
2481,PPep12_b33_I,B,i,7
2482,PPep12_b33_I,B,i,8
2483,PPep12_b33_I,B,i,9
2484,PPep12_b33_I,B,i,10
2485,PPep12_b33_I,B,i,11
2486,PPep12_b33_I,B,i,12
2487,PPep12_b33_I,B,i,13
2488,PPep12_b33_I,B,i,14
2489,PPep12_b33_I,B,i,15
2490,PPep12_b33_I,B,i,16
2491,PPep12_b33_I,B,i,17
2492,PPep12_b33_I,B,i,18
2493,PPep12_b33_I,B,i,19
2494,PPep12_b33_I,B,i,20
2495,PPep12_b33_I,B,i,21
2496,PPep12_b33_I,B,i,22
2497,PPep12_b33_I,B,i,23
2498,PPep12_b33_I,B,i,24
2499,PPep12_b33_I,B,i,25
2500,PPep12_b33_I,B,i,26
2501,PPep12_b33_I,B,i,27
2502,PPep12_b33_I,B,i,28
2503,PPep12_b33_I,B,i,29
2504,PPep12_b33_I,B,i,30
2505,PPep12_b33_I,B,i,31
2506,PPep12_b33_I,B,i,32
2507,PPep12_b33_I,B,i,33
2508,PPep12_b33_I,B,i,34
2509,PPep12_b33_I,B,i,35
2510,PPep12_b33_I,B,i,36
2511,PPep12_b33_I,B,i,37
2512,PPep12_b33_I,B,i,38
2513,PPep12_b33_I,B,i,39
2514,PPep12_b33_I,B,i,40
2515,PPep12_b33_I,B,i,41
2516,PPep12_b33_I,B,i,42
2517,PPep12_b33_I,B,i,43
2518,PPep12_b33_I,B,i,44
2519,PPep12_b33_I,B,i,45
2520,PPep12_b33_I,B,i,46
2521,PPep12_b33_I,B,i,47
2522,PPep12_b33_I,B,i,48
2523,PPep12_b33_I,B,i,49
2524,PPep12_b33_I,B,i,50
2525,PPep12_b33_I,B,i,51
2526,PPep12_b33_I,B,i,52
2527,PPep12_b33_I,B,i,53
2528,PPep12_b33_I,B,i,54
2529,PPep12_b33_I,B,i,55
2530,PPep12_b33_I,B,i,56
2531,PPep12_b33_I,B,i,57
2532,PPep12_b33_I,B,i,58
2533,PPep12_b33_I,B,i,59
2534,PPep12_b33_I,B,i,60
2535,PPep12_b33_I,B,i,61
2536,PPep12_b33_I,B,i,62
2537,PPep12_b33_I,B,i,63
2538,PPep12_b33_I,B,i,64
2539,PPep12_b33_I,B,i,65
2540,PPep12_b33_I,B,i,66
2541,PPep12_b33_I,B,i,67
2542,PPep12_b33_I,B,i,68
2543,PPep12_b33_I,B,i,69
2544,PPep12_b33_I,B,i,70
2545,PPep12_b33_I,B,i,71
2546,PPep12_b33_I,B,i,72
2547,PPep12_b33_I,B,i,73
2548,PPep12_b33_I,B,i,74
2549,PPep12_b33_I,B,i,75
2550,SPPep12_b39,B,n,1
2551,SPPep12_b39,B,n,2
2552,SPPep12_b39,B,n,3
2553,SPPep12_b39,B,n,4
2554,SPPep12_b39,B,n,5
2555,SPPep12_b39,B,n,6
2556,SPPep12_b39,B,n,7
2557,SPPep12_b39,B,n,8
2558,SPPep12_b39,B,n,9
2559,SPPep12_b39,B,n,10
2560,SPPep12_b39,B,n,11
2561,SPPep12_b39,B,n,12
2562,SPPep12_b39,B,n,13
2563,SPPep12_b39,B,n,14
2564,SPPep12_b39,B,n,15
2565,SPPep12_b39,B,n,16
2566,SPPep12_b39,B,n,17
2567,SPPep12_b39,B,n,18
2568,SPPep12_b39,B,n,19
2569,SPPep12_b39,B,n,20
2570,SPPep12_b39,B,n,21
2571,SPPep12_b39,B,n,22
2572,SPPep12_b39,B,n,23
2573,SPPep12_b39,B,n,24
2574,SPPep12_b39,B,n,25
2575,SPPep12_b39,B,n,26
2576,SPPep12_b39,B,n,27
2577,SPPep12_b39,B,n,28
2578,SPPep12_b39,B,n,29
2579,SPPep12_b39,B,n,30
2580,SPPep12_b39,B,n,31
2581,SPPep12_b39,B,n,32
2582,SPPep12_b39,B,n,33
2583,SPPep12_b39,B,n,34
2584,SPPep12_b39,B,n,35
2585,SPPep12_b39,B,n,36
2586,SPPep12_b39,B,n,37
2587,SPPep12_b39,B,n,38
2588,SPPep12_b39,B,n,39
2589,SPPep12_b39,B,n,40
2590,SPPep12_b39,B,n,41
2591,SPPep12_b39,B,n,42
2592,SPPep12_b39,B,n,43
2593,SPPep12_b39,B,n,44
2594,SPPep12_b39,B,n,45
2595,SPPep12_b39,B,n,46
2596,SPPep12_b39,B,n,47
2597,SPPep12_b39,B,n,48
2598,SPPep12_b39,B,n,49
2599,SPPep12_b39,B,n,50
2600,SPPep12_b39,B,n,51
2601,SPPep12_b39,B,n,52
2602,SPPep12_b39,B,n,53
2603,SPPep12_b39,B,n,54
2604,SPPep12_b39,B,n,55
2605,SPPep12_b39,B,n,56
2606,SPPep12_b39,B,n,57
2607,SPPep12_b39,B,n,58
2608,SPPep12_b39,B,n,59
2609,SPPep12_b39,B,n,60
2610,SPPep12_b39,B,n,61
2611,SPPep12_b39,B,n,62
2612,SPPep12_b39,B,n,63
2613,SPPep12_b39,B,n,64
2614,SPPep12_b39,B,n,65
2615,SPPep12_b39,B,n,66
2616,SPPep12_b39,B,n,67
2617,SPPep12_b39,B,n,68
2618,SPPep12_b39,B,n,69
2619,SPPep12_b39,B,n,70
2620,SPPep12_b39,B,n,71
2621,SPPep12_b39,B,n,72
2622,SPPep12_b39,B,n,73
2623,SPPep12_b39,B,n,74
2624,SPPep12_b39,B,n,75
2625,PPep12_b118_I,B,i,1
2626,PPep12_b118_I,B,i,2
2627,PPep12_b118_I,B,i,3
2628,PPep12_b118_I,B,i,4
2629,PPep12_b118_I,B,i,5
2630,PPep12_b118_I,B,i,6
2631,PPep12_b118_I,B,i,7
2632,PPep12_b118_I,B,i,8
2633,PPep12_b118_I,B,i,9
2634,PPep12_b118_I,B,i,10
2635,PPep12_b118_I,B,i,11
2636,PPep12_b118_I,B,i,12
2637,PPep12_b118_I,B,i,13
2638,PPep12_b118_I,B,i,14
2639,PPep12_b118_I,B,i,15
2640,PPep12_b118_I,B,i,16
2641,PPep12_b118_I,B,i,17
2642,PPep12_b118_I,B,i,18
2643,PPep12_b118_I,B,i,19
2644,PPep12_b118_I,B,i,20
2645,PPep12_b118_I,B,i,21
2646,PPep12_b118_I,B,i,22
2647,PPep12_b118_I,B,i,23
2648,PPep12_b118_I,B,i,24
2649,PPep12_b118_I,B,i,25
2650,PPep12_b118_I,B,i,26
2651,PPep12_b118_I,B,i,27
2652,PPep12_b118_I,B,i,28
2653,PPep12_b118_I,B,i,29
2654,PPep12_b118_I,B,i,30
2655,PPep12_b118_I,B,i,31
2656,PPep12_b118_I,B,i,32
2657,PPep12_b118_I,B,i,33
2658,PPep12_b118_I,B,i,34
2659,PPep12_b118_I,B,i,35
2660,PPep12_b118_I,B,i,36
2661,PPep12_b118_I,B,i,37
2662,PPep12_b118_I,B,i,38
2663,PPep12_b118_I,B,i,39
2664,PPep12_b118_I,B,i,40
2665,PPep12_b118_I,B,i,41
2666,PPep12_b118_I,B,i,42
2667,PPep12_b118_I,B,i,43
2668,PPep12_b118_I,B,i,44
2669,PPep12_b118_I,B,i,45
2670,PPep12_b118_I,B,i,46
2671,PPep12_b118_I,B,i,47
2672,PPep12_b118_I,B,i,48
2673,PPep12_b118_I,B,i,49
2674,PPep12_b118_I,B,i,50
2675,PPep12_b118_I,B,i,51
2676,PPep12_b118_I,B,i,52
2677,PPep12_b118_I,B,i,53
2678,PPep12_b118_I,B,i,54
2679,PPep12_b118_I,B,i,55
2680,PPep12_b118_I,B,i,56
2681,PPep12_b118_I,B,i,57
2682,PPep12_b118_I,B,i,58
2683,PPep12_b118_I,B,i,59
2684,PPep12_b118_I,B,i,60
2685,PPep12_b118_I,B,i,61
2686,PPep12_b118_I,B,i,62
2687,PPep12_b118_I,B,i,63
2688,PPep12_b118_I,B,i,64
2689,PPep12_b118_I,B,i,65
2690,PPep12_b118_I,B,i,66
2691,PPep12_b118_I,B,i,67
2692,PPep12_b118_I,B,i,68
2693,PPep12_b118_I,B,i,69
2694,PPep12_b118_I,B,i,70
2695,PPep12_b118_I,B,i,71
2696,PPep12_b118_I,B,i,72
2697,PPep12_b118_I,B,i,73
2698,PPep12_b118_I,B,i,74
2699,PPep12_b118_I,B,i,75
2700,SPPep12_b49,B,n,1
2701,SPPep12_b49,B,n,2
2702,SPPep12_b49,B,n,3
2703,SPPep12_b49,B,n,4
2704,SPPep12_b49,B,n,5
2705,SPPep12_b49,B,n,6
2706,SPPep12_b49,B,n,7
2707,SPPep12_b49,B,n,8
2708,SPPep12_b49,B,n,9
2709,SPPep12_b49,B,n,10
2710,SPPep12_b49,B,n,11
2711,SPPep12_b49,B,n,12
2712,SPPep12_b49,B,n,13
2713,SPPep12_b49,B,n,14
2714,SPPep12_b49,B,n,15
2715,SPPep12_b49,B,n,16
2716,SPPep12_b49,B,n,17
2717,SPPep12_b49,B,n,18
2718,SPPep12_b49,B,n,19
2719,SPPep12_b49,B,n,20
2720,SPPep12_b49,B,n,21
2721,SPPep12_b49,B,n,22
2722,SPPep12_b49,B,n,23
2723,SPPep12_b49,B,n,24
2724,SPPep12_b49,B,n,25
2725,SPPep12_b49,B,n,26
2726,SPPep12_b49,B,n,27
2727,SPPep12_b49,B,n,28
2728,SPPep12_b49,B,n,29
2729,SPPep12_b49,B,n,30
2730,SPPep12_b49,B,n,31
2731,SPPep12_b49,B,n,32
2732,SPPep12_b49,B,n,33
2733,SPPep12_b49,B,n,34
2734,SPPep12_b49,B,n,35
2735,SPPep12_b49,B,n,36
2736,SPPep12_b49,B,n,37
2737,SPPep12_b49,B,n,38
2738,SPPep12_b49,B,n,39
2739,SPPep12_b49,B,n,40
2740,SPPep12_b49,B,n,41
2741,SPPep12_b49,B,n,42
2742,SPPep12_b49,B,n,43
2743,SPPep12_b49,B,n,44
2744,SPPep12_b49,B,n,45
2745,SPPep12_b49,B,n,46
2746,SPPep12_b49,B,n,47
2747,SPPep12_b49,B,n,48
2748,SPPep12_b49,B,n,49
2749,SPPep12_b49,B,n,50
2750,SPPep12_b49,B,n,51
2751,SPPep12_b49,B,n,52
2752,SPPep12_b49,B,n,53
2753,SPPep12_b49,B,n,54
2754,SPPep12_b49,B,n,55
2755,SPPep12_b49,B,n,56
2756,SPPep12_b49,B,n,57
2757,SPPep12_b49,B,n,58
2758,SPPep12_b49,B,n,59
2759,SPPep12_b49,B,n,60
2760,SPPep12_b49,B,n,61
2761,SPPep12_b49,B,n,62
2762,SPPep12_b49,B,n,63
2763,SPPep12_b49,B,n,64
2764,SPPep12_b49,B,n,65
2765,SPPep12_b49,B,n,66
2766,SPPep12_b49,B,n,67
2767,SPPep12_b49,B,n,68
2768,SPPep12_b49,B,n,69
2769,SPPep12_b49,B,n,70
2770,SPPep12_b49,B,n,71
2771,SPPep12_b49,B,n,72
2772,SPPep12_b49,B,n,73
2773,SPPep12_b49,B,n,74
2774,SPPep12_b49,B,n,75
2775,PPep12_b61_I,B,i,1
2776,PPep12_b61_I,B,i,2
2777,PPep12_b61_I,B,i,3
2778,PPep12_b61_I,B,i,4
2779,PPep12_b61_I,B,i,5
2780,PPep12_b61_I,B,i,6
2781,PPep12_b61_I,B,i,7
2782,PPep12_b61_I,B,i,8
2783,PPep12_b61_I,B,i,9
2784,PPep12_b61_I,B,i,10
2785,PPep12_b61_I,B,i,11
2786,PPep12_b61_I,B,i,12
2787,PPep12_b61_I,B,i,13
2788,PPep12_b61_I,B,i,14
2789,PPep12_b61_I,B,i,15
2790,PPep12_b61_I,B,i,16
2791,PPep12_b61_I,B,i,17
2792,PPep12_b61_I,B,i,18
2793,PPep12_b61_I,B,i,19
2794,PPep12_b61_I,B,i,20
2795,PPep12_b61_I,B,i,21
2796,PPep12_b61_I,B,i,22
2797,PPep12_b61_I,B,i,23
2798,PPep12_b61_I,B,i,24
2799,PPep12_b61_I,B,i,25
2800,PPep12_b61_I,B,i,26
2801,PPep12_b61_I,B,i,27
2802,PPep12_b61_I,B,i,28
2803,PPep12_b61_I,B,i,29
2804,PPep12_b61_I,B,i,30
2805,PPep12_b61_I,B,i,31
2806,PPep12_b61_I,B,i,32
2807,PPep12_b61_I,B,i,33
2808,PPep12_b61_I,B,i,34
2809,PPep12_b61_I,B,i,35
2810,PPep12_b61_I,B,i,36
2811,PPep12_b61_I,B,i,37
2812,PPep12_b61_I,B,i,38
2813,PPep12_b61_I,B,i,39
2814,PPep12_b61_I,B,i,40
2815,PPep12_b61_I,B,i,41
2816,PPep12_b61_I,B,i,42
2817,PPep12_b61_I,B,i,43
2818,PPep12_b61_I,B,i,44
2819,PPep12_b61_I,B,i,45
2820,PPep12_b61_I,B,i,46
2821,PPep12_b61_I,B,i,47
2822,PPep12_b61_I,B,i,48
2823,PPep12_b61_I,B,i,49
2824,PPep12_b61_I,B,i,50
2825,PPep12_b61_I,B,i,51
2826,PPep12_b61_I,B,i,52
2827,PPep12_b61_I,B,i,53
2828,PPep12_b61_I,B,i,54
2829,PPep12_b61_I,B,i,55
2830,PPep12_b61_I,B,i,56
2831,PPep12_b61_I,B,i,57
2832,PPep12_b61_I,B,i,58
2833,PPep12_b61_I,B,i,59
2834,PPep12_b61_I,B,i,60
2835,PPep12_b61_I,B,i,61
2836,PPep12_b61_I,B,i,62
2837,PPep12_b61_I,B,i,63
2838,PPep12_b61_I,B,i,64
2839,PPep12_b61_I,B,i,65
2840,PPep12_b61_I,B,i,66
2841,PPep12_b61_I,B,i,67
2842,PPep12_b61_I,B,i,68
2843,PPep12_b61_I,B,i,69
2844,PPep12_b61_I,B,i,70
2845,PPep12_b61_I,B,i,71
2846,PPep12_b61_I,B,i,72
2847,PPep12_b61_I,B,i,73
2848,PPep12_b61_I,B,i,74
2849,PPep12_b61_I,B,i,75
2850,SPPep12_b13,B,n,1
2851,SPPep12_b13,B,n,2
2852,SPPep12_b13,B,n,3
2853,SPPep12_b13,B,n,4
2854,SPPep12_b13,B,n,5
2855,SPPep12_b13,B,n,6
2856,SPPep12_b13,B,n,7
2857,SPPep12_b13,B,n,8
2858,SPPep12_b13,B,n,9
2859,SPPep12_b13,B,n,10
2860,SPPep12_b13,B,n,11
2861,SPPep12_b13,B,n,12
2862,SPPep12_b13,B,n,13
2863,SPPep12_b13,B,n,14
2864,SPPep12_b13,B,n,15
2865,SPPep12_b13,B,n,16
2866,SPPep12_b13,B,n,17
2867,SPPep12_b13,B,n,18
2868,SPPep12_b13,B,n,19
2869,SPPep12_b13,B,n,20
2870,SPPep12_b13,B,n,21
2871,SPPep12_b13,B,n,22
2872,SPPep12_b13,B,n,23
2873,SPPep12_b13,B,n,24
2874,SPPep12_b13,B,n,25
2875,SPPep12_b13,B,n,26
2876,SPPep12_b13,B,n,27
2877,SPPep12_b13,B,n,28
2878,SPPep12_b13,B,n,29
2879,SPPep12_b13,B,n,30
2880,SPPep12_b13,B,n,31
2881,SPPep12_b13,B,n,32
2882,SPPep12_b13,B,n,33
2883,SPPep12_b13,B,n,34
2884,SPPep12_b13,B,n,35
2885,SPPep12_b13,B,n,36
2886,SPPep12_b13,B,n,37
2887,SPPep12_b13,B,n,38
2888,SPPep12_b13,B,n,39
2889,SPPep12_b13,B,n,40
2890,SPPep12_b13,B,n,41
2891,SPPep12_b13,B,n,42
2892,SPPep12_b13,B,n,43
2893,SPPep12_b13,B,n,44
2894,SPPep12_b13,B,n,45
2895,SPPep12_b13,B,n,46
2896,SPPep12_b13,B,n,47
2897,SPPep12_b13,B,n,48
2898,SPPep12_b13,B,n,49
2899,SPPep12_b13,B,n,50
2900,SPPep12_b13,B,n,51
2901,SPPep12_b13,B,n,52
2902,SPPep12_b13,B,n,53
2903,SPPep12_b13,B,n,54
2904,SPPep12_b13,B,n,55
2905,SPPep12_b13,B,n,56
2906,SPPep12_b13,B,n,57
2907,SPPep12_b13,B,n,58
2908,SPPep12_b13,B,n,59
2909,SPPep12_b13,B,n,60
2910,SPPep12_b13,B,n,61
2911,SPPep12_b13,B,n,62
2912,SPPep12_b13,B,n,63
2913,SPPep12_b13,B,n,64
2914,SPPep12_b13,B,n,65
2915,SPPep12_b13,B,n,66
2916,SPPep12_b13,B,n,67
2917,SPPep12_b13,B,n,68
2918,SPPep12_b13,B,n,69
2919,SPPep12_b13,B,n,70
2920,SPPep12_b13,B,n,71
2921,SPPep12_b13,B,n,72
2922,SPPep12_b13,B,n,73
2923,SPPep12_b13,B,n,74
2924,SPPep12_b13,B,n,75
2925,SPPep12_b40,B,n,1
2926,SPPep12_b40,B,n,2
2927,SPPep12_b40,B,n,3
2928,SPPep12_b40,B,n,4
2929,SPPep12_b40,B,n,5
2930,SPPep12_b40,B,n,6
2931,SPPep12_b40,B,n,7
2932,SPPep12_b40,B,n,8
2933,SPPep12_b40,B,n,9
2934,SPPep12_b40,B,n,10
2935,SPPep12_b40,B,n,11
2936,SPPep12_b40,B,n,12
2937,SPPep12_b40,B,n,13
2938,SPPep12_b40,B,n,14
2939,SPPep12_b40,B,n,15
2940,SPPep12_b40,B,n,16
2941,SPPep12_b40,B,n,17
2942,SPPep12_b40,B,n,18
2943,SPPep12_b40,B,n,19
2944,SPPep12_b40,B,n,20
2945,SPPep12_b40,B,n,21
2946,SPPep12_b40,B,n,22
2947,SPPep12_b40,B,n,23
2948,SPPep12_b40,B,n,24
2949,SPPep12_b40,B,n,25
2950,SPPep12_b40,B,n,26
2951,SPPep12_b40,B,n,27
2952,SPPep12_b40,B,n,28
2953,SPPep12_b40,B,n,29
2954,SPPep12_b40,B,n,30
2955,SPPep12_b40,B,n,31
2956,SPPep12_b40,B,n,32
2957,SPPep12_b40,B,n,33
2958,SPPep12_b40,B,n,34
2959,SPPep12_b40,B,n,35
2960,SPPep12_b40,B,n,36
2961,SPPep12_b40,B,n,37
2962,SPPep12_b40,B,n,38
2963,SPPep12_b40,B,n,39
2964,SPPep12_b40,B,n,40
2965,SPPep12_b40,B,n,41
2966,SPPep12_b40,B,n,42
2967,SPPep12_b40,B,n,43
2968,SPPep12_b40,B,n,44
2969,SPPep12_b40,B,n,45
2970,SPPep12_b40,B,n,46
2971,SPPep12_b40,B,n,47
2972,SPPep12_b40,B,n,48
2973,SPPep12_b40,B,n,49
2974,SPPep12_b40,B,n,50
2975,SPPep12_b40,B,n,51
2976,SPPep12_b40,B,n,52
2977,SPPep12_b40,B,n,53
2978,SPPep12_b40,B,n,54
2979,SPPep12_b40,B,n,55
2980,SPPep12_b40,B,n,56
2981,SPPep12_b40,B,n,57
2982,SPPep12_b40,B,n,58
2983,SPPep12_b40,B,n,59
2984,SPPep12_b40,B,n,60
2985,SPPep12_b40,B,n,61
2986,SPPep12_b40,B,n,62
2987,SPPep12_b40,B,n,63
2988,SPPep12_b40,B,n,64
2989,SPPep12_b40,B,n,65
2990,SPPep12_b40,B,n,66
2991,SPPep12_b40,B,n,67
2992,SPPep12_b40,B,n,68
2993,SPPep12_b40,B,n,69
2994,SPPep12_b40,B,n,70
2995,SPPep12_b40,B,n,71
2996,SPPep12_b40,B,n,72
2997,SPPep12_b40,B,n,73
2998,SPPep12_b40,B,n,74
2999,SPPep12_b40,B,n,75
3000,PPep12_b117_I,B,i,1
3001,PPep12_b117_I,B,i,2
3002,PPep12_b117_I,B,i,3
3003,PPep12_b117_I,B,i,4
3004,PPep12_b117_I,B,i,5
3005,PPep12_b117_I,B,i,6
3006,PPep12_b117_I,B,i,7
3007,PPep12_b117_I,B,i,8
3008,PPep12_b117_I,B,i,9
3009,PPep12_b117_I,B,i,10
3010,PPep12_b117_I,B,i,11
3011,PPep12_b117_I,B,i,12
3012,PPep12_b117_I,B,i,13
3013,PPep12_b117_I,B,i,14
3014,PPep12_b117_I,B,i,15
3015,PPep12_b117_I,B,i,16
3016,PPep12_b117_I,B,i,17
3017,PPep12_b117_I,B,i,18
3018,PPep12_b117_I,B,i,19
3019,PPep12_b117_I,B,i,20
3020,PPep12_b117_I,B,i,21
3021,PPep12_b117_I,B,i,22
3022,PPep12_b117_I,B,i,23
3023,PPep12_b117_I,B,i,24
3024,PPep12_b117_I,B,i,25
3025,PPep12_b117_I,B,i,26
3026,PPep12_b117_I,B,i,27
3027,PPep12_b117_I,B,i,28
3028,PPep12_b117_I,B,i,29
3029,PPep12_b117_I,B,i,30
3030,PPep12_b117_I,B,i,31
3031,PPep12_b117_I,B,i,32
3032,PPep12_b117_I,B,i,33
3033,PPep12_b117_I,B,i,34
3034,PPep12_b117_I,B,i,35
3035,PPep12_b117_I,B,i,36
3036,PPep12_b117_I,B,i,37
3037,PPep12_b117_I,B,i,38
3038,PPep12_b117_I,B,i,39
3039,PPep12_b117_I,B,i,40
3040,PPep12_b117_I,B,i,41
3041,PPep12_b117_I,B,i,42
3042,PPep12_b117_I,B,i,43
3043,PPep12_b117_I,B,i,44
3044,PPep12_b117_I,B,i,45
3045,PPep12_b117_I,B,i,46
3046,PPep12_b117_I,B,i,47
3047,PPep12_b117_I,B,i,48
3048,PPep12_b117_I,B,i,49
3049,PPep12_b117_I,B,i,50
3050,PPep12_b117_I,B,i,51
3051,PPep12_b117_I,B,i,52
3052,PPep12_b117_I,B,i,53
3053,PPep12_b117_I,B,i,54
3054,PPep12_b117_I,B,i,55
3055,PPep12_b117_I,B,i,56
3056,PPep12_b117_I,B,i,57
3057,PPep12_b117_I,B,i,58
3058,PPep12_b117_I,B,i,59
3059,PPep12_b117_I,B,i,60
3060,PPep12_b117_I,B,i,61
3061,PPep12_b117_I,B,i,62
3062,PPep12_b117_I,B,i,63
3063,PPep12_b117_I,B,i,64
3064,PPep12_b117_I,B,i,65
3065,PPep12_b117_I,B,i,66
3066,PPep12_b117_I,B,i,67
3067,PPep12_b117_I,B,i,68
3068,PPep12_b117_I,B,i,69
3069,PPep12_b117_I,B,i,70
3070,PPep12_b117_I,B,i,71
3071,PPep12_b117_I,B,i,72
3072,PPep12_b117_I,B,i,73
3073,PPep12_b117_I,B,i,74
3074,PPep12_b117_I,B,i,75
3075,SPPep12_b50,B,n,1
3076,SPPep12_b50,B,n,2
3077,SPPep12_b50,B,n,3
3078,SPPep12_b50,B,n,4
3079,SPPep12_b50,B,n,5
3080,SPPep12_b50,B,n,6
3081,SPPep12_b50,B,n,7
3082,SPPep12_b50,B,n,8
3083,SPPep12_b50,B,n,9
3084,SPPep12_b50,B,n,10
3085,SPPep12_b50,B,n,11
3086,SPPep12_b50,B,n,12
3087,SPPep12_b50,B,n,13
3088,SPPep12_b50,B,n,14
3089,SPPep12_b50,B,n,15
3090,SPPep12_b50,B,n,16
3091,SPPep12_b50,B,n,17
3092,SPPep12_b50,B,n,18
3093,SPPep12_b50,B,n,19
3094,SPPep12_b50,B,n,20
3095,SPPep12_b50,B,n,21
3096,SPPep12_b50,B,n,22
3097,SPPep12_b50,B,n,23
3098,SPPep12_b50,B,n,24
3099,SPPep12_b50,B,n,25
3100,SPPep12_b50,B,n,26
3101,SPPep12_b50,B,n,27
3102,SPPep12_b50,B,n,28
3103,SPPep12_b50,B,n,29
3104,SPPep12_b50,B,n,30
3105,SPPep12_b50,B,n,31
3106,SPPep12_b50,B,n,32
3107,SPPep12_b50,B,n,33
3108,SPPep12_b50,B,n,34
3109,SPPep12_b50,B,n,35
3110,SPPep12_b50,B,n,36
3111,SPPep12_b50,B,n,37
3112,SPPep12_b50,B,n,38
3113,SPPep12_b50,B,n,39
3114,SPPep12_b50,B,n,40
3115,SPPep12_b50,B,n,41
3116,SPPep12_b50,B,n,42
3117,SPPep12_b50,B,n,43
3118,SPPep12_b50,B,n,44
3119,SPPep12_b50,B,n,45
3120,SPPep12_b50,B,n,46
3121,SPPep12_b50,B,n,47
3122,SPPep12_b50,B,n,48
3123,SPPep12_b50,B,n,49
3124,SPPep12_b50,B,n,50
3125,SPPep12_b50,B,n,51
3126,SPPep12_b50,B,n,52
3127,SPPep12_b50,B,n,53
3128,SPPep12_b50,B,n,54
3129,SPPep12_b50,B,n,55
3130,SPPep12_b50,B,n,56
3131,SPPep12_b50,B,n,57
3132,SPPep12_b50,B,n,58
3133,SPPep12_b50,B,n,59
3134,SPPep12_b50,B,n,60
3135,SPPep12_b50,B,n,61
3136,SPPep12_b50,B,n,62
3137,SPPep12_b50,B,n,63
3138,SPPep12_b50,B,n,64
3139,SPPep12_b50,B,n,65
3140,SPPep12_b50,B,n,66
3141,SPPep12_b50,B,n,67
3142,SPPep12_b50,B,n,68
3143,SPPep12_b50,B,n,69
3144,SPPep12_b50,B,n,70
3145,SPPep12_b50,B,n,71
3146,SPPep12_b50,B,n,72
3147,SPPep12_b50,B,n,73
3148,SPPep12_b50,B,n,74
3149,SPPep12_b50,B,n,75
3150,SPPep12_b36,B,n,1
3151,SPPep12_b36,B,n,2
3152,SPPep12_b36,B,n,3
3153,SPPep12_b36,B,n,4
3154,SPPep12_b36,B,n,5
3155,SPPep12_b36,B,n,6
3156,SPPep12_b36,B,n,7
3157,SPPep12_b36,B,n,8
3158,SPPep12_b36,B,n,9
3159,SPPep12_b36,B,n,10
3160,SPPep12_b36,B,n,11
3161,SPPep12_b36,B,n,12
3162,SPPep12_b36,B,n,13
3163,SPPep12_b36,B,n,14
3164,SPPep12_b36,B,n,15
3165,SPPep12_b36,B,n,16
3166,SPPep12_b36,B,n,17
3167,SPPep12_b36,B,n,18
3168,SPPep12_b36,B,n,19
3169,SPPep12_b36,B,n,20
3170,SPPep12_b36,B,n,21
3171,SPPep12_b36,B,n,22
3172,SPPep12_b36,B,n,23
3173,SPPep12_b36,B,n,24
3174,SPPep12_b36,B,n,25
3175,SPPep12_b36,B,n,26
3176,SPPep12_b36,B,n,27
3177,SPPep12_b36,B,n,28
3178,SPPep12_b36,B,n,29
3179,SPPep12_b36,B,n,30
3180,SPPep12_b36,B,n,31
3181,SPPep12_b36,B,n,32
3182,SPPep12_b36,B,n,33
3183,SPPep12_b36,B,n,34
3184,SPPep12_b36,B,n,35
3185,SPPep12_b36,B,n,36
3186,SPPep12_b36,B,n,37
3187,SPPep12_b36,B,n,38
3188,SPPep12_b36,B,n,39
3189,SPPep12_b36,B,n,40
3190,SPPep12_b36,B,n,41
3191,SPPep12_b36,B,n,42
3192,SPPep12_b36,B,n,43
3193,SPPep12_b36,B,n,44
3194,SPPep12_b36,B,n,45
3195,SPPep12_b36,B,n,46
3196,SPPep12_b36,B,n,47
3197,SPPep12_b36,B,n,48
3198,SPPep12_b36,B,n,49
3199,SPPep12_b36,B,n,50
3200,SPPep12_b36,B,n,51
3201,SPPep12_b36,B,n,52
3202,SPPep12_b36,B,n,53
3203,SPPep12_b36,B,n,54
3204,SPPep12_b36,B,n,55
3205,SPPep12_b36,B,n,56
3206,SPPep12_b36,B,n,57
3207,SPPep12_b36,B,n,58
3208,SPPep12_b36,B,n,59
3209,SPPep12_b36,B,n,60
3210,SPPep12_b36,B,n,61
3211,SPPep12_b36,B,n,62
3212,SPPep12_b36,B,n,63
3213,SPPep12_b36,B,n,64
3214,SPPep12_b36,B,n,65
3215,SPPep12_b36,B,n,66
3216,SPPep12_b36,B,n,67
3217,SPPep12_b36,B,n,68
3218,SPPep12_b36,B,n,69
3219,SPPep12_b36,B,n,70
3220,SPPep12_b36,B,n,71
3221,SPPep12_b36,B,n,72
3222,SPPep12_b36,B,n,73
3223,SPPep12_b36,B,n,74
3224,SPPep12_b36,B,n,75
3225,PPep12_b48_I,B,i,1
3226,PPep12_b48_I,B,i,2
3227,PPep12_b48_I,B,i,3
3228,PPep12_b48_I,B,i,4
3229,PPep12_b48_I,B,i,5
3230,PPep12_b48_I,B,i,6
3231,PPep12_b48_I,B,i,7
3232,PPep12_b48_I,B,i,8
3233,PPep12_b48_I,B,i,9
3234,PPep12_b48_I,B,i,10
3235,PPep12_b48_I,B,i,11
3236,PPep12_b48_I,B,i,12
3237,PPep12_b48_I,B,i,13
3238,PPep12_b48_I,B,i,14
3239,PPep12_b48_I,B,i,15
3240,PPep12_b48_I,B,i,16
3241,PPep12_b48_I,B,i,17
3242,PPep12_b48_I,B,i,18
3243,PPep12_b48_I,B,i,19
3244,PPep12_b48_I,B,i,20
3245,PPep12_b48_I,B,i,21
3246,PPep12_b48_I,B,i,22
3247,PPep12_b48_I,B,i,23
3248,PPep12_b48_I,B,i,24
3249,PPep12_b48_I,B,i,25
3250,PPep12_b48_I,B,i,26
3251,PPep12_b48_I,B,i,27
3252,PPep12_b48_I,B,i,28
3253,PPep12_b48_I,B,i,29
3254,PPep12_b48_I,B,i,30
3255,PPep12_b48_I,B,i,31
3256,PPep12_b48_I,B,i,32
3257,PPep12_b48_I,B,i,33
3258,PPep12_b48_I,B,i,34
3259,PPep12_b48_I,B,i,35
3260,PPep12_b48_I,B,i,36
3261,PPep12_b48_I,B,i,37
3262,PPep12_b48_I,B,i,38
3263,PPep12_b48_I,B,i,39
3264,PPep12_b48_I,B,i,40
3265,PPep12_b48_I,B,i,41
3266,PPep12_b48_I,B,i,42
3267,PPep12_b48_I,B,i,43
3268,PPep12_b48_I,B,i,44
3269,PPep12_b48_I,B,i,45
3270,PPep12_b48_I,B,i,46
3271,PPep12_b48_I,B,i,47
3272,PPep12_b48_I,B,i,48
3273,PPep12_b48_I,B,i,49
3274,PPep12_b48_I,B,i,50
3275,PPep12_b48_I,B,i,51
3276,PPep12_b48_I,B,i,52
3277,PPep12_b48_I,B,i,53
3278,PPep12_b48_I,B,i,54
3279,PPep12_b48_I,B,i,55
3280,PPep12_b48_I,B,i,56
3281,PPep12_b48_I,B,i,57
3282,PPep12_b48_I,B,i,58
3283,PPep12_b48_I,B,i,59
3284,PPep12_b48_I,B,i,60
3285,PPep12_b48_I,B,i,61
3286,PPep12_b48_I,B,i,62
3287,PPep12_b48_I,B,i,63
3288,PPep12_b48_I,B,i,64
3289,PPep12_b48_I,B,i,65
3290,PPep12_b48_I,B,i,66
3291,PPep12_b48_I,B,i,67
3292,PPep12_b48_I,B,i,68
3293,PPep12_b48_I,B,i,69
3294,PPep12_b48_I,B,i,70
3295,PPep12_b48_I,B,i,71
3296,PPep12_b48_I,B,i,72
3297,PPep12_b48_I,B,i,73
3298,PPep12_b48_I,B,i,74
3299,PPep12_b48_I,B,i,75
3300,SPPep12_b79,B,n,1
3301,SPPep12_b79,B,n,2
3302,SPPep12_b79,B,n,3
3303,SPPep12_b79,B,n,4
3304,SPPep12_b79,B,n,5
3305,SPPep12_b79,B,n,6
3306,SPPep12_b79,B,n,7
3307,SPPep12_b79,B,n,8
3308,SPPep12_b79,B,n,9
3309,SPPep12_b79,B,n,10
3310,SPPep12_b79,B,n,11
3311,SPPep12_b79,B,n,12
3312,SPPep12_b79,B,n,13
3313,SPPep12_b79,B,n,14
3314,SPPep12_b79,B,n,15
3315,SPPep12_b79,B,n,16
3316,SPPep12_b79,B,n,17
3317,SPPep12_b79,B,n,18
3318,SPPep12_b79,B,n,19
3319,SPPep12_b79,B,n,20
3320,SPPep12_b79,B,n,21
3321,SPPep12_b79,B,n,22
3322,SPPep12_b79,B,n,23
3323,SPPep12_b79,B,n,24
3324,SPPep12_b79,B,n,25
3325,SPPep12_b79,B,n,26
3326,SPPep12_b79,B,n,27
3327,SPPep12_b79,B,n,28
3328,SPPep12_b79,B,n,29
3329,SPPep12_b79,B,n,30
3330,SPPep12_b79,B,n,31
3331,SPPep12_b79,B,n,32
3332,SPPep12_b79,B,n,33
3333,SPPep12_b79,B,n,34
3334,SPPep12_b79,B,n,35
3335,SPPep12_b79,B,n,36
3336,SPPep12_b79,B,n,37
3337,SPPep12_b79,B,n,38
3338,SPPep12_b79,B,n,39
3339,SPPep12_b79,B,n,40
3340,SPPep12_b79,B,n,41
3341,SPPep12_b79,B,n,42
3342,SPPep12_b79,B,n,43
3343,SPPep12_b79,B,n,44
3344,SPPep12_b79,B,n,45
3345,SPPep12_b79,B,n,46
3346,SPPep12_b79,B,n,47
3347,SPPep12_b79,B,n,48
3348,SPPep12_b79,B,n,49
3349,SPPep12_b79,B,n,50
3350,SPPep12_b79,B,n,51
3351,SPPep12_b79,B,n,52
3352,SPPep12_b79,B,n,53
3353,SPPep12_b79,B,n,54
3354,SPPep12_b79,B,n,55
3355,SPPep12_b79,B,n,56
3356,SPPep12_b79,B,n,57
3357,SPPep12_b79,B,n,58
3358,SPPep12_b79,B,n,59
3359,SPPep12_b79,B,n,60
3360,SPPep12_b79,B,n,61
3361,SPPep12_b79,B,n,62
3362,SPPep12_b79,B,n,63
3363,SPPep12_b79,B,n,64
3364,SPPep12_b79,B,n,65
3365,SPPep12_b79,B,n,66
3366,SPPep12_b79,B,n,67
3367,SPPep12_b79,B,n,68
3368,SPPep12_b79,B,n,69
3369,SPPep12_b79,B,n,70
3370,SPPep12_b79,B,n,71
3371,SPPep12_b79,B,n,72
3372,SPPep12_b79,B,n,73
3373,SPPep12_b79,B,n,74
3374,SPPep12_b79,B,n,75
3375,SPPep12_b113,B,n,1
3376,SPPep12_b113,B,n,2
3377,SPPep12_b113,B,n,3
3378,SPPep12_b113,B,n,4
3379,SPPep12_b113,B,n,5
3380,SPPep12_b113,B,n,6
3381,SPPep12_b113,B,n,7
3382,SPPep12_b113,B,n,8
3383,SPPep12_b113,B,n,9
3384,SPPep12_b113,B,n,10
3385,SPPep12_b113,B,n,11
3386,SPPep12_b113,B,n,12
3387,SPPep12_b113,B,n,13
3388,SPPep12_b113,B,n,14
3389,SPPep12_b113,B,n,15
3390,SPPep12_b113,B,n,16
3391,SPPep12_b113,B,n,17
3392,SPPep12_b113,B,n,18
3393,SPPep12_b113,B,n,19
3394,SPPep12_b113,B,n,20
3395,SPPep12_b113,B,n,21
3396,SPPep12_b113,B,n,22
3397,SPPep12_b113,B,n,23
3398,SPPep12_b113,B,n,24
3399,SPPep12_b113,B,n,25
3400,SPPep12_b113,B,n,26
3401,SPPep12_b113,B,n,27
3402,SPPep12_b113,B,n,28
3403,SPPep12_b113,B,n,29
3404,SPPep12_b113,B,n,30
3405,SPPep12_b113,B,n,31
3406,SPPep12_b113,B,n,32
3407,SPPep12_b113,B,n,33
3408,SPPep12_b113,B,n,34
3409,SPPep12_b113,B,n,35
3410,SPPep12_b113,B,n,36
3411,SPPep12_b113,B,n,37
3412,SPPep12_b113,B,n,38
3413,SPPep12_b113,B,n,39
3414,SPPep12_b113,B,n,40
3415,SPPep12_b113,B,n,41
3416,SPPep12_b113,B,n,42
3417,SPPep12_b113,B,n,43
3418,SPPep12_b113,B,n,44
3419,SPPep12_b113,B,n,45
3420,SPPep12_b113,B,n,46
3421,SPPep12_b113,B,n,47
3422,SPPep12_b113,B,n,48
3423,SPPep12_b113,B,n,49
3424,SPPep12_b113,B,n,50
3425,SPPep12_b113,B,n,51
3426,SPPep12_b113,B,n,52
3427,SPPep12_b113,B,n,53
3428,SPPep12_b113,B,n,54
3429,SPPep12_b113,B,n,55
3430,SPPep12_b113,B,n,56
3431,SPPep12_b113,B,n,57
3432,SPPep12_b113,B,n,58
3433,SPPep12_b113,B,n,59
3434,SPPep12_b113,B,n,60
3435,SPPep12_b113,B,n,61
3436,SPPep12_b113,B,n,62
3437,SPPep12_b113,B,n,63
3438,SPPep12_b113,B,n,64
3439,SPPep12_b113,B,n,65
3440,SPPep12_b113,B,n,66
3441,SPPep12_b113,B,n,67
3442,SPPep12_b113,B,n,68
3443,SPPep12_b113,B,n,69
3444,SPPep12_b113,B,n,70
3445,SPPep12_b113,B,n,71
3446,SPPep12_b113,B,n,72
3447,SPPep12_b113,B,n,73
3448,SPPep12_b113,B,n,74
3449,SPPep12_b113,B,n,75
